TradeTime,InstrumentID,Price,Volume,BidApplSeqNum,OfferApplSeqNum
09:30:00.200,600029,6.84,100,223435,175232
09:30:00.200,600029,6.84,800,223435,176416
09:30:00.200,600029,6.84,2500,223435,178512
09:30:00.200,600029,6.84,2500,223435,178996
09:30:00.200,600029,6.84,1000,223435,180494
09:30:00.200,600029,6.84,900,223435,188358
09:30:00.200,600029,6.84,900,223435,188671
09:30:00.200,600029,6.84,200,223435,191507
09:30:00.200,600029,6.84,1000,223435,192856
09:30:00.200,600029,6.84,400,223435,195307
09:30:00.390,600029,6.84,4600,225106,195307
09:30:00.390,600029,6.84,500,225106,211950
09:30:01.030,600029,6.82,100,140700,234458
09:30:01.030,600029,6.82,100,140700,234747
09:30:01.030,600029,6.82,300,142063,234747
09:30:01.030,600029,6.82,100,142963,234747
09:30:01.150,600029,6.82,400,142963,236322
09:30:01.150,600029,6.82,300,226827,236322
09:30:01.150,600029,6.82,400,226827,236744
09:30:01.280,600029,6.82,100,238757,236744
09:30:01.280,600029,6.84,100,238757,211950
09:30:01.930,600029,6.82,100,247704,246315
09:30:01.930,600029,6.84,400,247704,211950
09:30:02.060,600029,6.81,500,55735,249363
09:30:02.060,600029,6.81,500,144682,249363
09:30:02.060,600029,6.81,8700,196720,249363
09:30:02.180,600029,6.84,200,250433,211950
09:30:02.670,600029,6.82,100,251670,256061
09:30:02.930,600029,6.82,400,251670,259077
09:30:02.930,600029,6.81,11300,196720,259077
09:30:03.060,600029,6.81,2600,260147,259077
09:30:03.180,600029,6.81,1200,262221,259077
09:30:03.180,600029,6.81,1400,262559,259077
09:30:03.570,600029,6.81,200,268749,259077
09:30:03.700,600029,6.81,100,270028,259077
09:30:04.510,600029,6.8,100,73873,278874
09:30:04.510,600029,6.8,100,116196,278874
09:30:04.510,600029,6.8,500,141389,278874
09:30:04.510,600029,6.8,200,155379,278874
09:30:04.640,600029,6.81,9600,280567,259077
09:30:05.110,600029,6.81,1300,286696,259077
09:30:05.110,600029,6.81,12200,286697,259077
09:30:05.110,600029,6.81,200,286697,283097
09:30:05.110,600029,6.81,2200,286697,283103
09:30:05.700,600029,6.82,16,294024,261417
09:30:05.700,600029,6.82,3200,294024,282332
09:30:05.700,600029,6.82,100,294024,287438
09:30:05.700,600029,6.82,484,294024,290105
09:30:05.830,600029,6.82,1000,296477,290105
09:30:05.830,600029,6.82,1100,296478,290105
09:30:05.970,600029,6.82,1000,298220,290105
09:30:05.970,600029,6.82,1000,298221,290105
09:30:06.110,600029,6.82,1200,299011,290105
09:30:06.110,600029,6.82,1200,299899,290105
09:30:06.110,600029,6.82,10000,300367,290105
09:30:06.280,600029,6.82,1016,301423,290105
09:30:06.280,600029,6.82,2900,301423,296305
09:30:06.280,600029,6.83,8684,301423,263881
09:30:06.670,600029,6.81,200,286697,305860
09:30:06.820,600029,6.81,200,286697,308215
09:30:07.200,600029,6.83,6300,313094,263881
09:30:07.200,600029,6.81,17,286697,313447
09:30:07.200,600029,6.81,1800,286697,313719
09:30:07.200,600029,6.83,100,313834,263881
09:30:07.440,600029,6.83,4916,314832,263881
09:30:07.440,600029,6.83,3200,314832,282343
09:30:07.440,600029,6.83,2900,314832,296304
09:30:07.440,600029,6.83,1684,314832,309972
09:30:08.000,600029,6.81,400,286697,320556
09:30:08.170,600029,6.83,8316,322015,309972
09:30:08.170,600029,6.84,1800,322015,211950
09:30:08.170,600029,6.84,1000,322015,230013
09:30:08.170,600029,6.84,984,322015,236122
09:30:08.210,600029,6.84,400,322394,236122
09:30:08.450,600029,6.83,1600,323729,323519
09:30:08.450,600029,6.84,6616,323729,236122
09:30:08.450,600029,6.84,2000,323729,281215
09:30:08.450,600029,6.84,100,323729,282348
09:30:08.450,600029,6.84,1184,323729,285996
09:30:08.650,600029,6.84,100,325242,285996
09:30:09.160,600029,6.84,1716,328673,285996
09:30:09.160,600029,6.84,800,328673,287712
09:30:09.160,600029,6.84,100,328673,295821
09:30:09.160,600029,6.84,300,328673,297425
09:30:09.160,600029,6.84,2000,328673,297942
09:30:09.160,600029,6.84,100,328673,317614
09:30:09.160,600029,6.84,2000,328673,320270
09:30:09.160,600029,6.84,384,328673,325643
09:30:09.190,600029,6.83,100,323822,329192
09:30:09.230,600029,6.84,16,329456,325643
09:30:09.270,600029,6.84,200,329456,329839
09:30:09.310,600029,6.84,100,329456,330380
09:30:09.520,600029,6.83,100,328674,332344
09:30:09.650,600029,6.84,100,333706,334043
09:30:09.700,600029,6.83,100,328674,334218
09:30:09.760,600029,6.83,100,328674,335144
09:30:09.930,600029,6.83,100,328674,336322
09:30:10.490,600029,6.83,100,328674,340845
09:30:10.850,600029,6.83,100,328674,343161
09:30:11.100,600029,6.83,100,328674,344624
09:30:11.130,600029,6.84,500,344865,344127
09:30:11.130,600029,6.83,100,328674,344904
09:30:11.290,600029,6.83,200,328674,345691
09:30:11.360,600029,6.83,17,328674,346203
09:30:11.590,600029,6.83,100,328674,347527
09:30:11.880,600029,6.83,200,328674,348968
09:30:12.100,600029,6.83,100,328674,350150
09:30:12.200,600029,6.83,200,328674,350981
09:30:12.240,600029,6.83,100,328674,351489
09:30:12.380,600029,6.83,100,328674,352340
09:30:12.460,600029,6.84,600,353358,344127
09:30:12.460,600029,6.85,300,353358,35204
09:30:12.460,600029,6.85,100,353358,51069
09:30:12.460,600029,6.83,500,328674,353480
09:30:12.500,600029,6.83,100,328674,354017
09:30:12.600,600029,6.83,100,328674,354693
09:30:13.140,600029,6.83,400,328674,357866
09:30:15.290,600029,6.83,200,333180,367305
09:30:15.290,600029,6.83,400,333180,367471
09:30:15.290,600029,6.83,200,333180,367521
09:30:15.470,600029,6.84,300,368901,355228
09:30:15.930,600029,6.83,1900,345257,372698
09:30:15.930,600029,6.83,1100,350352,372698
09:30:16.410,600029,6.83,16,350352,374712
09:30:17.820,600029,6.84,2500,378875,355228
09:30:17.920,600029,6.83,584,350352,379129
09:30:17.920,600029,6.83,1716,350353,379129
09:30:17.950,600029,6.83,384,350353,379222
09:30:17.950,600029,6.83,16,351835,379222
09:30:17.950,600029,6.83,1100,351835,379223
09:30:17.950,600029,6.83,684,351835,379225
09:30:17.950,600029,6.83,1600,351836,379225
09:30:17.950,600029,6.83,400,354234,379225
09:30:17.950,600029,6.83,716,355868,379225
09:30:18.280,600029,6.83,200,355868,380816
09:30:18.280,600029,6.83,600,355868,380969
09:30:18.400,600029,6.83,200,355868,381892
09:30:18.700,600029,6.83,3800,355868,383734
09:30:19.010,600029,6.83,3500,355868,385336
09:30:19.960,600029,6.83,200,355868,387357
09:30:20.980,600029,6.83,3700,355868,389047
09:30:21.240,600029,6.83,400,355868,390241
09:30:21.270,600029,6.83,3500,355868,390534
09:30:21.310,600029,6.83,1600,355868,390577
09:30:21.310,600029,6.83,284,355868,390578
09:30:21.310,600029,6.83,200,359911,390578
09:30:21.310,600029,6.83,716,360578,390578
09:30:21.310,600029,6.83,2484,360578,390579
09:30:21.310,600029,6.83,1016,361203,390579
09:30:21.310,600029,6.83,300,361203,390703
09:30:21.350,600029,6.83,17,361203,390766
09:30:21.350,600029,6.83,200,361203,390904
09:30:21.380,600029,6.83,267,361203,391076
09:30:21.380,600029,6.83,2000,369631,391076
09:30:21.380,600029,6.83,1800,373920,391076
09:30:21.380,600029,6.83,8933,374034,391076
09:30:21.380,600029,6.83,2967,374034,391089
09:30:21.380,600029,6.83,2300,377367,391089
09:30:21.630,600029,6.83,100,392612,391089
09:30:21.810,600029,6.83,33,393415,391089
09:30:21.810,600029,6.83,1267,393415,391090
09:30:22.530,600029,6.83,3000,394995,391090
09:30:22.590,600029,6.83,233,395056,391090
09:30:22.590,600029,6.83,2800,395056,392732
09:30:22.590,600029,6.83,600,395056,392733
09:30:22.590,600029,6.83,1300,395056,392735
09:30:22.590,600029,6.83,1767,395056,393066
09:30:23.740,600029,6.83,5733,396583,393066
09:30:23.740,600029,6.83,700,396583,393591
09:30:23.740,600029,6.83,2900,396583,394148
09:30:23.740,600029,6.83,400,396583,394149
09:30:23.740,600029,6.83,2600,396583,394150
09:30:23.740,600029,6.83,1500,396583,394155
09:30:24.150,600029,6.83,267,396583,397978
09:30:24.190,600029,6.83,100,398259,397978
09:30:24.190,600029,6.83,100,398260,397978
09:30:24.190,600029,6.83,100,398261,397978
09:30:24.220,600029,6.83,2000,398448,397978
09:30:24.260,600029,6.83,100,398527,397978
09:30:24.260,600029,6.83,100,398614,397978
09:30:24.260,600029,6.83,100,398620,397978
09:30:24.300,600029,6.83,100,398826,397978
09:30:24.300,600029,6.83,100,398827,397978
09:30:24.570,600029,6.83,100,400254,397978
09:30:24.740,600029,6.83,100,401217,397978
09:30:24.740,600029,6.83,100,401218,397978
09:30:25.070,600029,6.83,100,402302,397978
09:30:25.070,600029,6.83,100,402305,397978
09:30:25.100,600029,6.83,100,402375,397978
09:30:25.140,600029,6.83,100,402479,397978
09:30:25.140,600029,6.83,100,402480,397978
09:30:25.170,600029,6.83,100,402664,397978
09:30:25.170,600029,6.83,100,402666,397978
09:30:26.380,600029,6.82,1900,325593,404840
09:30:27.100,600029,6.82,8500,325593,406579
09:30:27.100,600029,6.82,500,396836,406579
09:30:27.860,600029,6.82,100,409836,406579
09:30:28.610,600029,6.82,1100,411480,406579
09:30:29.910,600029,6.82,900,413680,406579
09:30:30.090,600029,6.81,4000,316162,413964
09:30:30.090,600029,6.81,500,324698,413964
09:30:30.090,600029,6.81,400,324698,414025
09:30:30.090,600029,6.81,200,324698,414060
09:30:30.090,600029,6.81,200,324698,414067
09:30:30.160,600029,6.81,100,324698,414397
09:30:30.320,600029,6.81,600,324698,414959
09:30:30.320,600029,6.81,800,324698,414997
09:30:30.470,600029,6.81,8200,324698,416028
09:30:30.470,600029,6.81,13900,337484,416028
09:30:30.470,600029,6.81,800,357872,416028
09:30:30.470,600029,6.81,3000,401630,416028
09:30:30.470,600029,6.81,100,413865,416028
09:30:30.470,600029,6.81,100,413890,416028
09:30:30.470,600029,6.81,100,413891,416028
09:30:30.470,600029,6.81,100,413985,416028
09:30:30.470,600029,6.81,100,414054,416028
09:30:30.470,600029,6.81,100,414070,416028
09:30:30.470,600029,6.81,100,414284,416028
09:30:30.620,600029,6.81,500,416848,416028
09:30:31.290,600029,6.82,100,418595,406579
09:30:32.890,600029,6.8,1800,155379,421266
09:30:32.890,600029,6.8,1000,217522,421266
09:30:32.890,600029,6.8,4100,254538,421266
09:30:32.890,600029,6.8,2100,289475,421266
09:30:32.890,600029,6.8,2600,290634,421266
09:30:32.890,600029,6.8,1900,291318,421266
09:30:32.890,600029,6.8,900,294917,421266
09:30:32.890,600029,6.8,1100,295751,421266
09:30:32.890,600029,6.8,2000,295752,421266
09:30:32.890,600029,6.8,2200,303239,421266
09:30:32.890,600029,6.8,2300,312669,421266
09:30:32.890,600029,6.8,2400,314935,421266
09:30:32.890,600029,6.8,1300,318438,421266
09:30:32.890,600029,6.8,2700,318442,421266
09:30:32.890,600029,6.8,1300,322411,421266
09:30:32.890,600029,6.8,1900,322441,421266
09:30:32.890,600029,6.8,13900,338698,421266
09:30:32.890,600029,6.8,500,343387,421266
09:30:32.890,600029,6.8,1300,343618,421266
09:30:33.120,600029,6.8,100,421786,421266
09:30:33.120,600029,6.8,1300,421931,421266
09:30:35.120,600029,6.8,2000,427142,421266
09:30:35.140,600029,6.8,1900,427190,421266
09:30:35.360,600029,6.8,2100,427548,421266
09:30:35.570,600029,6.8,1800,427802,421266
09:30:35.760,600029,6.8,1700,428343,421266
09:30:36.050,600029,6.8,100,429288,421266
09:30:36.110,600029,6.8,2400,429448,421266
09:30:36.110,600029,6.79,400,148159,429529
09:30:36.110,600029,6.79,100,148159,429546
09:30:36.110,600029,6.79,400,427039,429546
09:30:36.110,600029,6.79,100,429203,429546
09:30:36.110,600029,6.79,100,429204,429546
09:30:36.110,600029,6.79,100,429349,429546
09:30:36.110,600029,6.79,100,429378,429546
09:30:36.110,600029,6.79,100,429498,429566
09:30:36.700,600029,6.79,100,432221,429566
09:30:37.740,600029,6.79,100,434480,429566
09:30:37.740,600029,6.79,300,434480,429567
09:30:37.740,600029,6.79,200,434480,429570
09:30:37.740,600029,6.79,100,434480,429575
09:30:38.630,600029,6.78,1200,58412,435758
09:30:39.100,600029,6.79,100,437147,429576
09:30:39.100,600029,6.79,500,437147,429578
09:30:39.100,600029,6.79,200,437147,429595
09:30:39.100,600029,6.79,300,437169,429706
09:30:39.290,600029,6.79,500,438140,429706
09:30:39.290,600029,6.79,300,438140,429783
09:30:39.390,600029,6.79,1500,438653,429783
09:30:39.730,600029,6.79,700,439793,429783
09:30:39.730,600029,6.79,17,439793,430760
09:30:39.730,600029,6.79,83,439793,437566
09:30:40.330,600029,6.79,800,441096,437566
09:30:40.780,600029,6.79,800,441767,437566
09:30:41.290,600029,6.79,800,442586,437566
09:30:41.410,600029,6.78,34,58412,442746
09:30:41.840,600029,6.79,800,443980,437566
09:30:43.140,600029,6.79,200,448250,437566
09:30:44.430,600029,6.79,100,450043,437566
09:30:44.990,600029,6.79,2900,451756,437566
09:30:44.990,600029,6.78,300,58412,451765
09:30:44.990,600029,6.79,2000,451782,437566
09:30:44.990,600029,6.78,400,58412,451810
09:30:44.990,600029,6.79,2000,451946,437566
09:30:44.990,600029,6.78,200,58412,451961
09:30:45.170,600029,6.79,2700,452499,437566
09:30:45.500,600029,6.79,2300,453709,437566
09:30:45.850,600029,6.79,1400,454848,437566
09:30:46.350,600029,6.78,16,58412,455580
09:30:47.670,600029,6.79,9417,457712,437566
09:30:47.670,600029,6.79,12583,457712,437806
09:30:47.920,600029,6.79,1800,458407,437806
09:30:48.010,600029,6.79,100,458538,437806
09:30:48.010,600029,6.79,1000,458680,437806
09:30:48.520,600029,6.79,100,460358,437806
09:30:51.020,600029,6.79,300,465237,437806
09:30:51.090,600029,6.79,4900,465489,437806
09:30:51.180,600029,6.78,33,58412,465762
09:30:51.450,600029,6.79,3217,466588,437806
09:30:51.450,600029,6.79,100,466588,445099
09:30:51.450,600029,6.79,200,466588,447826
09:30:51.450,600029,6.79,1383,466588,454864
09:30:51.860,600029,6.79,4900,467737,454864
09:30:52.430,600029,6.78,500,58412,468541
09:30:52.430,600029,6.79,4900,468565,454864
09:30:52.900,600029,6.79,4900,469256,454864
09:30:53.180,600029,6.78,100,58412,469524
09:30:53.180,600029,6.78,100,58412,469527
09:30:53.230,600029,6.78,100,58412,469600
09:30:53.230,600029,6.78,100,58412,469601
09:30:53.380,600029,6.79,17,469824,454864
09:30:53.380,600029,6.79,3183,469824,469214
09:30:54.150,600029,6.78,200,58412,471989
09:30:56.460,600029,6.78,17,58412,475983
09:30:56.580,600029,6.79,200,476361,469214
09:30:58.210,600029,6.78,700,58412,480331
09:30:58.210,600029,6.78,500,150434,480331
09:30:58.210,600029,6.78,2600,444706,480331
09:30:58.210,600029,6.78,500,458788,480331
09:31:00.540,600029,6.79,200,485702,469214
09:31:02.530,600029,6.79,600,489989,469214
09:31:02.530,600029,6.79,317,489996,469214
09:31:02.530,600029,6.79,83,489996,472453
09:31:02.650,600029,6.79,117,490570,472453
09:31:02.650,600029,6.79,700,490570,477060
09:31:02.650,600029,6.79,283,490570,483619
09:31:03.100,600029,6.79,100,492433,483619
09:31:03.130,600029,6.79,600,492710,483619
09:31:03.270,600029,6.79,600,493603,483619
09:31:04.370,600029,6.79,317,496763,483619
09:31:04.370,600029,6.79,400,496763,483621
09:31:04.370,600029,6.79,83,496763,483802
09:31:05.120,600029,6.79,417,498044,483802
09:31:05.120,600029,6.79,300,498044,483803
09:31:05.120,600029,6.79,83,498044,483804
09:31:05.230,600029,6.79,217,498328,483804
09:31:05.230,600029,6.79,400,498328,483805
09:31:05.230,600029,6.79,183,498328,483861
09:31:09.560,600029,6.79,817,510398,483861
09:31:09.560,600029,6.79,283,510398,483918
09:31:09.560,600029,6.79,217,510429,483918
09:31:09.560,600029,6.79,283,510429,484080
09:31:12.250,600029,6.78,500,458788,516302
09:31:12.360,600029,6.79,217,516695,484080
09:31:12.360,600029,6.79,400,516695,484284
09:31:12.360,600029,6.79,300,516695,484286
09:31:12.360,600029,6.79,183,516695,484324
09:31:12.630,600029,6.79,200,517551,484324
09:31:12.630,600029,6.79,117,517552,484324
09:31:12.630,600029,6.79,83,517552,484325
09:31:14.510,600029,6.79,617,520738,484325
09:31:14.510,600029,6.79,400,520738,484326
09:31:14.510,600029,6.79,1000,520738,484785
09:31:14.510,600029,6.79,800,520738,489992
09:31:14.510,600029,6.79,200,520738,490144
09:31:14.510,600029,6.79,300,520738,490164
09:31:14.510,600029,6.79,100,520738,490219
09:31:14.510,600029,6.79,100,520738,490239
09:31:14.510,600029,6.79,200,520738,490383
09:31:14.510,600029,6.79,400,520738,490393
09:31:14.510,600029,6.79,200,520738,490404
09:31:14.510,600029,6.79,100,520738,490465
09:31:14.510,600029,6.79,600,520738,490764
09:31:14.510,600029,6.79,800,520738,490776
09:31:14.510,600029,6.79,800,520738,490831
09:31:14.510,600029,6.79,100,520738,491653
09:31:14.510,600029,6.79,800,520738,492629
09:31:14.510,600029,6.79,100,520738,492635
09:31:14.510,600029,6.79,800,520738,493477
09:31:14.510,600029,6.79,400,520738,496575
09:31:14.510,600029,6.79,100,520738,499181
09:31:14.510,600029,6.79,200,520738,499245
09:31:14.510,600029,6.79,800,520738,499267
09:31:14.510,600029,6.79,83,520738,499301
09:31:15.670,600029,6.79,200,524494,499301
09:31:15.790,600029,6.79,800,524884,499301
09:31:17.900,600029,6.79,100,528713,499301
09:31:18.240,600029,6.78,100,458788,529932
09:31:18.600,600029,6.78,100,458788,531028
09:31:18.880,600029,6.78,100,458788,531678
09:31:18.880,600029,6.79,2200,531709,499301
09:31:19.410,600029,6.78,100,458788,532675
09:31:19.410,600029,6.78,100,458788,532676
09:31:19.410,600029,6.78,100,458788,532677
09:31:19.410,600029,6.78,100,458788,532680
09:31:21.010,600029,6.79,1100,536434,499301
09:31:21.580,600029,6.79,500,538122,499301
09:31:22.040,600029,6.78,200,458788,539213
09:31:22.710,600029,6.79,400,540286,499301
09:31:23.840,600029,6.78,300,458788,542617
09:31:23.870,600029,6.78,600,458788,542725
09:31:26.810,600029,6.78,1000,458788,549407
09:31:26.980,600029,6.79,100,549938,499301
09:31:26.980,600029,6.79,100,549939,499301
09:31:27.240,600029,6.79,1200,550760,499301
09:31:27.240,600029,6.79,600,550875,499301
09:31:29.620,600029,6.78,3000,458788,555652
09:31:29.880,600029,6.79,17,556412,499301
09:31:29.880,600029,6.79,83,556412,510348
09:31:29.880,600029,6.78,1100,458788,556472
09:31:29.920,600029,6.79,100,556616,510348
09:31:30.090,600029,6.79,200,556866,510348
09:31:30.390,600029,6.79,100,558068,510348
09:31:31.540,600029,6.79,317,560416,510348
09:31:31.540,600029,6.79,300,560416,510431
09:31:31.540,600029,6.79,300,560416,510478
09:31:31.540,600029,6.79,183,560416,510479
09:31:32.850,600029,6.78,1200,458788,563138
09:31:35.550,600029,6.78,900,458788,568462
09:31:37.110,600029,6.79,317,572491,510479
09:31:37.110,600029,6.79,1100,572491,510535
09:31:37.110,600029,6.79,100,572491,510613
09:31:37.110,600029,6.79,1100,572491,514796
09:31:37.110,600029,6.79,183,572491,524375
09:31:38.250,600029,6.78,100,458788,574079
09:31:39.540,600029,6.78,1000,458788,577374
09:31:39.540,600029,6.78,4500,465012,577374
09:31:39.540,600029,6.78,1200,468344,577374
09:31:39.540,600029,6.78,1300,470143,577374
09:31:39.540,600029,6.78,1000,480578,577374
09:31:39.540,600029,6.78,1000,502545,577374
09:31:39.540,600029,6.78,700,510987,577374
09:31:39.540,600029,6.78,600,514637,577374
09:31:39.540,600029,6.78,1200,519497,577374
09:31:39.540,600029,6.78,2000,523069,577374
09:31:39.540,600029,6.78,200,530597,577374
09:31:39.540,600029,6.78,2700,539566,577374
09:31:39.540,600029,6.78,3900,546803,577374
09:31:39.540,600029,6.78,11900,548174,577374
09:31:39.540,600029,6.78,4100,566401,577374
09:31:39.540,600029,6.78,200,577199,577374
09:31:39.640,600029,6.78,100,577615,577374
09:31:39.900,600029,6.78,1400,577995,577374
09:31:39.900,600029,6.78,1300,577995,577453
09:31:41.590,600029,6.78,800,580944,577453
09:31:41.940,600029,6.78,200,581986,577453
09:31:41.970,600029,6.78,400,582049,577453
09:31:41.970,600029,6.78,200,582050,577453
09:31:42.090,600029,6.78,400,582252,577453
09:31:42.760,600029,6.78,300,584125,577453
09:31:43.680,600029,6.77,100,103846,585436
09:31:43.680,600029,6.77,300,334606,585436
09:31:44.540,600029,6.78,300,586889,577453
09:31:44.630,600029,6.77,200,334606,587296
09:31:45.580,600029,6.78,100,589674,577453
09:31:45.670,600029,6.77,100,334606,590069
09:31:48.110,600029,6.78,800,595133,577453
09:31:48.180,600029,6.77,100,334606,595322
09:31:48.360,600029,6.78,1400,595816,577453
09:31:49.110,600029,6.77,1000,334606,597076
09:31:49.510,600029,6.78,3200,597658,577453
09:31:49.510,600029,6.78,100,597658,578963
09:31:49.510,600029,6.78,100,597658,579003
09:31:49.510,600029,6.78,3700,597658,580978
09:31:49.510,600029,6.78,600,597658,581081
09:31:49.510,600029,6.78,900,597658,581143
09:31:49.510,600029,6.78,500,597658,584460
09:31:49.510,600029,6.78,14900,597658,585230
09:31:50.550,600029,6.78,100,599526,585230
09:31:50.610,600029,6.78,100,599828,585230
09:31:51.510,600029,6.77,1000,334606,602176
09:31:51.760,600029,6.78,2000,602547,585230
09:31:58.870,600029,6.78,600,615644,585230
09:31:58.930,600029,6.78,400,615684,585230
09:31:59.910,600029,6.77,300,334606,617825
09:32:01.190,600029,6.77,2000,334606,620525
09:32:01.190,600029,6.77,600,345357,620525
09:32:01.250,600029,6.77,3100,345357,620603
09:32:02.010,600029,6.78,700,621660,585230
09:32:02.600,600029,6.78,600,622980,585230
09:32:03.290,600029,6.77,200,345357,625408
09:32:04.940,600029,6.78,300,627954,585230
09:32:05.030,600029,6.78,700,628100,585230
09:32:07.180,600029,6.78,800,633051,585230
09:32:11.190,600029,6.77,100,345357,640401
09:32:11.190,600029,6.77,1800,345357,640441
09:32:11.400,600029,6.77,300,345357,640865
09:32:11.460,600029,6.77,100,345357,641081
09:32:11.460,600029,6.78,2100,641094,585230
09:32:22.060,600029,6.78,1500,662923,585230
09:32:23.470,600029,6.78,300,665077,585230
09:32:26.560,600029,6.78,7000,670993,585230
09:32:26.560,600029,6.78,200,670993,599943
09:32:26.560,600029,6.78,7600,670993,599968
09:32:26.560,600029,6.78,6000,670993,600385
09:32:26.560,600029,6.78,100,670993,606904
09:32:26.560,600029,6.78,100,670993,609631
09:32:26.560,600029,6.78,300,670993,626054
09:32:26.560,600029,6.78,500,670993,627800
09:32:26.560,600029,6.78,100,670993,629687
09:32:26.560,600029,6.78,200,670993,634474
09:32:26.560,600029,6.78,1300,670993,634486
09:32:26.560,600029,6.78,400,670993,634552
09:32:26.560,600029,6.78,3900,670993,634787
09:32:26.560,600029,6.78,500,670993,638610
09:32:26.560,600029,6.78,2800,670993,640869
09:32:26.560,600029,6.78,2200,670993,640914
09:32:26.560,600029,6.78,900,670993,644808
09:32:26.560,600029,6.78,1200,670993,663325
09:32:27.590,600029,6.77,2000,345357,673775
09:32:29.440,600029,6.79,500,676655,524375
09:32:29.600,600029,6.79,117,677192,524375
09:32:29.600,600029,6.79,383,677192,524378
09:32:32.270,600029,6.78,1100,679930,682095
09:32:32.510,600029,6.79,17,682745,524378
09:32:32.510,600029,6.79,83,682745,524531
09:32:35.360,600029,6.78,200,679930,687994
09:32:35.360,600029,6.78,2000,679930,688058
09:32:35.390,600029,6.79,517,688075,524531
09:32:35.390,600029,6.79,683,688075,524598
09:32:35.390,600029,6.78,100,679930,688088
09:32:38.190,600029,6.78,100,679930,693450
09:32:38.310,600029,6.78,700,679930,693782
09:32:38.700,600029,6.79,317,694819,524598
09:32:38.700,600029,6.79,700,694819,524632
09:32:38.700,600029,6.79,300,694819,524694
09:32:38.700,600029,6.79,600,694819,524711
09:32:38.700,600029,6.79,883,694819,536157
09:32:41.390,600029,6.79,1817,699589,536157
09:32:41.390,600029,6.79,300,699589,556385
09:32:41.390,600029,6.79,3900,699589,556574
09:32:41.390,600029,6.79,183,699589,566989
09:32:41.460,600029,6.79,200,699773,566989
09:32:41.520,600029,6.79,400,699921,566989
09:32:41.520,600029,6.79,200,699922,566989
09:32:41.550,600029,6.79,200,699962,566989
09:32:44.150,600029,6.78,1000,679930,704638
09:32:47.480,600029,6.78,100,679930,711078
09:32:49.510,600029,6.78,1800,679930,715823
09:32:49.510,600029,6.78,200,680885,715823
09:32:49.510,600029,6.78,700,695841,715823
09:32:49.510,600029,6.78,200,699467,715823
09:32:50.590,600029,6.78,1000,699467,717897
09:32:50.720,600029,6.78,300,699467,718313
09:32:50.720,600029,6.78,500,699590,718313
09:32:50.720,600029,6.78,800,699590,718323
09:32:50.750,600029,6.78,600,699590,718329
09:32:50.750,600029,6.78,200,701441,718329
09:32:50.810,600029,6.78,500,701441,718487
09:32:50.810,600029,6.78,300,701912,718487
09:32:52.930,600029,6.78,900,701912,722088
09:32:52.930,600029,6.78,100,705387,722088
09:32:52.930,600029,6.78,700,707190,722088
09:32:52.930,600029,6.78,700,709856,722088
09:32:52.930,600029,6.78,3700,711722,722088
09:32:52.930,600029,6.78,200,714975,722088
09:32:52.930,600029,6.78,1100,717179,722088
09:32:52.930,600029,6.77,300,345357,722088
09:32:52.930,600029,6.77,800,588160,722088
09:32:52.930,600029,6.77,100,591890,722088
09:32:52.930,600029,6.77,1200,596501,722088
09:32:52.930,600029,6.77,100,600553,722088
09:32:52.930,600029,6.77,1400,603309,722088
09:32:52.930,600029,6.77,1000,609130,722088
09:32:52.930,600029,6.77,700,611690,722088
09:32:52.930,600029,6.77,6800,623177,722088
09:32:52.930,600029,6.77,10000,623185,722088
09:32:52.930,600029,6.77,6400,624076,722088
09:32:52.930,600029,6.77,3000,624904,722088
09:32:52.930,600029,6.77,2000,628057,722088
09:32:52.930,600029,6.77,30000,640100,722088
09:32:52.930,600029,6.77,600,641770,722088
09:32:52.930,600029,6.77,100,647869,722088
09:32:52.930,600029,6.77,600,648572,722088
09:32:52.930,600029,6.77,300,650026,722088
09:32:52.930,600029,6.77,2200,657657,722088
09:32:52.930,600029,6.77,500,671554,722088
09:32:52.930,600029,6.77,12000,678300,722088
09:32:52.930,600029,6.77,2000,709148,722088
09:32:53.380,600029,6.77,1300,722796,722088
09:32:53.440,600029,6.77,200,723010,722088
09:32:53.510,600029,6.77,900,723104,722088
09:32:54.220,600029,6.77,500,723104,725234
09:32:54.990,600029,6.78,200,726340,722667
09:32:54.990,600029,6.78,2700,726340,722695
09:32:54.990,600029,6.78,3100,726340,723555
09:32:54.990,600029,6.78,1600,726340,723560
09:32:55.350,600029,6.78,200,726806,723560
09:32:55.350,600029,6.77,200,723104,726814
09:32:55.350,600029,6.77,600,723104,726815
09:32:55.350,600029,6.77,100,723104,726816
09:32:55.350,600029,6.77,100,723104,726817
09:32:55.380,600029,6.77,600,723104,726833
09:32:55.380,600029,6.77,100,723104,726834
09:32:55.380,600029,6.77,100,723104,726835
09:32:55.380,600029,6.77,200,723104,726836
09:32:55.380,600029,6.77,100,723104,726839
09:32:55.440,600029,6.77,200,723104,726889
09:32:55.480,600029,6.77,100,723104,726921
09:32:55.570,600029,6.77,100,723104,727123
09:32:55.650,600029,6.77,100,723104,727193
09:32:55.650,600029,6.77,100,723104,727213
09:32:56.410,600029,6.77,1400,723104,728344
09:32:56.410,600029,6.77,100,723543,728344
09:32:56.410,600029,6.77,200,724229,728344
09:32:56.410,600029,6.77,900,724229,728345
09:32:59.250,600029,6.77,200,724229,733892
09:32:59.400,600029,6.78,300,734189,723560
09:33:02.410,600029,6.78,500,740372,723560
09:33:03.490,600029,6.77,100,724229,742912
09:33:04.870,600029,6.77,600,724229,745097
09:33:04.870,600029,6.77,100,726414,745097
09:33:05.180,600029,6.78,3100,745543,723560
09:33:05.180,600029,6.78,4200,745543,723733
09:33:05.180,600029,6.78,800,745543,723870
09:33:05.180,600029,6.78,900,745543,723884
09:33:05.180,600029,6.78,3800,745543,729168
09:33:05.180,600029,6.78,2800,745543,731931
09:33:05.180,600029,6.78,1000,745543,734045
09:33:05.180,600029,6.78,1300,745543,735227
09:33:05.180,600029,6.78,2100,745543,740691
09:33:05.960,600029,6.78,200,747480,740691
09:33:07.190,600029,6.78,100,749715,740691
09:33:07.480,600029,6.78,100,750181,740691
09:33:07.570,600029,6.78,1900,750410,740691
09:33:07.570,600029,6.78,400,750410,743769
09:33:07.570,600029,6.78,100,750410,746808
09:33:07.570,600029,6.78,200,750410,748810
09:33:07.570,600029,6.78,2400,750410,749490
09:33:08.380,600029,6.78,600,751887,749490
09:33:08.440,600029,6.78,600,751887,752059
09:33:08.480,600029,6.78,900,751887,752100
09:33:08.510,600029,6.78,500,751887,752245
09:33:08.540,600029,6.78,1100,751887,752315
09:33:08.540,600029,6.78,700,751887,752317
09:33:08.580,600029,6.78,1100,751887,752450
09:33:08.640,600029,6.79,717,752708,566989
09:33:08.640,600029,6.79,400,752708,574911
09:33:08.640,600029,6.79,300,752708,575012
09:33:08.640,600029,6.79,283,752708,575013
09:33:08.640,600029,6.79,17,752709,575013
09:33:08.640,600029,6.79,700,752709,575023
09:33:08.640,600029,6.79,400,752709,575094
09:33:08.640,600029,6.79,83,752709,575150
09:33:08.640,600029,6.79,317,752710,575150
09:33:08.640,600029,6.79,800,752710,575155
09:33:08.640,600029,6.79,200,752710,575184
09:33:08.640,600029,6.79,1383,752710,645674
09:33:08.940,600029,6.78,100,751887,753582
09:33:09.340,600029,6.78,700,751887,754678
09:33:09.400,600029,6.78,300,751887,754832
09:33:09.550,600029,6.78,100,751887,755116
09:33:09.780,600029,6.79,700,755575,645674
09:33:11.210,600029,6.79,1117,757866,645674
09:33:11.210,600029,6.79,2583,757866,682521
09:33:11.470,600029,6.78,300,751887,758458
09:33:11.470,600029,6.78,300,751887,758459
09:33:11.470,600029,6.78,1800,751887,758460
09:33:11.470,600029,6.78,100,751887,758461
09:33:11.470,600029,6.78,100,753022,758461
09:33:11.470,600029,6.78,300,753496,758462
09:33:11.470,600029,6.78,300,753496,758463
09:33:11.470,600029,6.78,100,754050,758463
09:33:11.470,600029,6.78,300,754050,758489
09:33:11.470,600029,6.78,300,754054,758490
09:33:11.470,600029,6.78,300,754054,758491
09:33:11.470,600029,6.78,100,754270,758491
09:33:11.470,600029,6.78,500,754270,758492
09:33:11.470,600029,6.78,100,754395,758492
09:33:11.470,600029,6.78,100,754713,758493
09:33:11.470,600029,6.78,100,754945,758493
09:33:11.470,600029,6.78,100,755038,758493
09:33:11.470,600029,6.78,1200,755038,758494
09:33:11.470,600029,6.78,100,755110,758494
09:33:11.470,600029,6.78,400,756248,758494
09:33:11.470,600029,6.78,100,756248,758495
09:33:11.470,600029,6.78,600,756379,758495
09:33:11.470,600029,6.77,100,726414,758548
09:33:13.840,600029,6.78,100,763360,758495
09:33:13.840,600029,6.78,300,763360,758496
09:33:13.840,600029,6.78,300,763360,758497
09:33:13.980,600029,6.78,300,763591,758497
09:33:13.980,600029,6.78,400,763591,760086
09:33:13.980,600029,6.78,100,763591,760090
09:33:13.980,600029,6.78,1900,763591,760781
09:33:13.980,600029,6.78,600,763591,760782
09:33:13.980,600029,6.78,400,763591,760839
09:33:13.980,600029,6.78,400,763591,760885
09:33:13.980,600029,6.78,400,763591,760918
09:33:13.980,600029,6.78,200,763591,760929
09:33:13.980,600029,6.78,600,763591,760930
09:33:13.980,600029,6.78,100,763591,760944
09:33:13.980,600029,6.78,100,763591,760965
09:33:13.980,600029,6.78,900,763591,760966
09:33:13.980,600029,6.78,100,763591,760984
09:33:14.410,600029,6.78,500,764275,760984
09:33:14.410,600029,6.78,100,764275,760985
09:33:14.410,600029,6.78,100,764275,761001
09:33:14.410,600029,6.78,500,764275,761002
09:33:14.410,600029,6.78,300,764275,761003
09:33:15.120,600029,6.78,100,766034,761039
09:33:15.120,600029,6.78,400,766034,761049
09:33:15.120,600029,6.78,200,766034,762666
09:33:15.120,600029,6.78,300,766034,762667
09:33:15.120,600029,6.78,100,766034,762673
09:33:15.120,600029,6.78,100,766034,762936
09:33:15.120,600029,6.78,1500,766034,763309
09:33:15.150,600029,6.78,200,766113,763309
09:33:15.460,600029,6.79,100,766866,682521
09:33:15.490,600029,6.79,500,766954,682521
09:33:15.550,600029,6.78,100,766113,767031
09:33:15.640,600029,6.78,100,766113,767206
09:33:15.700,600029,6.79,100,767342,682521
09:33:16.040,600029,6.78,4000,766113,767866
09:33:16.040,600029,6.77,200,726414,767866
09:33:16.040,600029,6.77,1400,729925,767866
09:33:16.510,600029,6.78,100,767885,768541
09:33:17.560,600029,6.78,100,767885,770372
09:33:17.560,600029,6.78,200,768488,770372
09:33:17.600,600029,6.78,100,768488,770521
09:33:17.600,600029,6.78,200,768549,770521
09:33:17.600,600029,6.78,300,768628,770521
09:33:17.600,600029,6.78,4200,768632,770521
09:33:17.600,600029,6.78,1200,768650,770521
09:33:17.600,600029,6.78,400,768707,770521
09:33:17.600,600029,6.78,100,768724,770521
09:33:17.700,600029,6.78,900,768724,770820
09:33:17.700,600029,6.78,200,768726,770820
09:33:17.700,600029,6.78,200,769061,770820
09:33:18.060,600029,6.78,100,771775,770820
09:33:18.830,600029,6.77,100,729925,773339
09:33:19.540,600029,6.78,300,774345,770820
09:33:20.370,600029,6.78,1600,775954,770820
09:33:20.740,600029,6.78,100,776834,770820
09:33:20.830,600029,6.78,1400,777012,770820
09:33:20.830,600029,6.78,1100,777012,770832
09:33:20.830,600029,6.78,600,777012,776470
09:33:20.990,600029,6.78,100,777431,776470
09:33:21.080,600029,6.78,1500,777617,776470
09:33:21.080,600029,6.78,100,777617,777234
09:33:21.150,600029,6.78,100,777902,777234
09:33:21.610,600029,6.78,1500,777902,778910
09:33:21.610,600029,6.78,100,778494,778910
09:33:21.610,600029,6.78,100,778695,778910
09:33:21.610,600029,6.78,100,778698,778910
09:33:21.610,600029,6.78,100,778702,778910
09:33:21.610,600029,6.78,1200,778842,778910
09:33:21.610,600029,6.78,300,778843,778910
09:33:22.350,600029,6.79,400,780232,682521
09:33:22.640,600029,6.78,200,779029,780672
09:33:24.200,600029,6.78,100,779029,784176
09:33:25.340,600029,6.79,100,786218,682521
09:33:28.000,600029,6.78,100,779029,791221
09:33:28.000,600029,6.78,100,779170,791221
09:33:28.000,600029,6.78,700,780132,791221
09:33:28.000,600029,6.78,1100,784081,791221
09:33:28.860,600029,6.78,800,784081,792479
09:33:28.980,600029,6.78,1400,784081,792659
09:33:29.120,600029,6.78,1200,784081,792833
09:33:29.390,600029,6.79,500,793483,682521
09:33:29.930,600029,6.78,100,784081,794501
09:33:30.830,600029,6.78,400,784081,796505
09:33:30.830,600029,6.78,800,787928,796505
09:33:31.910,600029,6.78,100,787928,798131
09:33:32.110,600029,6.78,1100,787928,798396
09:33:32.370,600029,6.78,900,787928,798890
09:33:32.660,600029,6.78,100,787928,799353
09:33:32.660,600029,6.78,400,787928,799432
09:33:32.660,600029,6.78,1300,791151,799432
09:33:32.660,600029,6.78,2700,792800,799432
09:33:32.780,600029,6.78,900,792800,799719
09:33:33.020,600029,6.78,900,792800,800273
09:33:33.040,600029,6.78,5500,792800,800298
09:33:33.620,600029,6.77,1100,729925,801411
09:33:33.760,600029,6.78,900,801629,800298
09:33:33.820,600029,6.77,1200,729925,801697
09:33:34.090,600029,6.78,1000,802075,800298
09:33:34.090,600029,6.78,700,802075,800884
09:33:35.410,600029,6.79,600,804015,682521
09:33:36.540,600029,6.78,200,802078,806421
09:33:38.410,600029,6.78,100,802078,809152
09:33:39.000,600029,6.79,717,810392,682521
09:33:39.000,600029,6.79,1983,810392,683053
09:33:39.760,600029,6.78,1000,802078,811730
09:33:45.460,600029,6.78,100,802520,822282
09:33:45.730,600029,6.78,1100,802520,822750
09:33:45.730,600029,6.78,1400,802575,822750
09:33:45.730,600029,6.78,800,802600,822750
09:33:46.640,600029,6.78,700,802600,823942
09:33:46.640,600029,6.78,200,802625,823942
09:33:46.750,600029,6.78,100,802625,824150
09:33:47.660,600029,6.78,200,802625,825512
09:33:48.430,600029,6.78,400,802625,827412
09:33:48.430,600029,6.78,500,802688,827412
09:33:48.490,600029,6.78,700,802688,827468
09:33:50.980,600029,6.78,800,802688,832988
09:33:50.980,600029,6.78,700,802688,832990
09:33:51.010,600029,6.78,800,802688,833020
09:33:51.010,600029,6.78,1000,802688,833030
09:33:51.040,600029,6.78,800,802688,833108
09:33:51.070,600029,6.78,100,802688,833183
09:33:51.100,600029,6.78,700,802688,833236
09:33:51.100,600029,6.78,300,802688,833287
09:33:51.290,600029,6.78,900,802688,833673
09:33:51.360,600029,6.78,200,802688,833795
09:33:51.660,600029,6.78,2100,802688,834436
09:33:51.690,600029,6.78,100,802688,834478
09:33:51.720,600029,6.78,2400,802688,834527
09:33:51.720,600029,6.78,300,806206,834527
09:33:52.610,600029,6.78,1000,806206,836174
09:33:52.610,600029,6.78,300,811483,836176
09:33:53.240,600029,6.78,100,811483,837293
09:33:53.500,600029,6.78,1100,811483,838093
09:33:53.560,600029,6.78,200,811483,838192
09:33:53.990,600029,6.78,800,811483,839210
09:33:53.990,600029,6.78,100,811483,839237
09:33:54.050,600029,6.78,200,811483,839333
09:33:54.050,600029,6.78,100,822242,839333
09:33:54.050,600029,6.78,200,822242,839335
09:33:54.050,600029,6.78,300,822242,839338
09:33:54.050,600029,6.78,100,822242,839381
09:33:54.330,600029,6.78,300,822242,839919
09:33:54.330,600029,6.78,600,822242,839971
09:33:54.330,600029,6.78,500,823469,839971
09:33:54.910,600029,6.78,100,823469,841023
09:33:54.910,600029,6.78,100,826985,841023
09:33:55.030,600029,6.78,700,841216,841023
09:33:55.360,600029,6.78,600,841771,841023
09:33:55.460,600029,6.78,200,841771,841867
09:33:55.920,600029,6.78,800,842312,842470
09:33:56.360,600029,6.78,200,842312,843266
09:33:56.460,600029,6.78,300,842312,843374
09:33:57.050,600029,6.78,500,842313,844574
09:33:58.360,600029,6.78,1000,842313,846803
09:33:58.520,600029,6.78,500,842313,846953
09:33:59.610,600029,6.78,900,842313,848828
09:34:00.460,600029,6.78,100,842313,850516
09:34:01.990,600029,6.78,900,842313,852978
09:34:01.990,600029,6.78,200,844654,852978
09:34:01.990,600029,6.78,400,846293,852978
09:34:02.580,600029,6.78,100,846293,854214
09:34:03.720,600029,6.78,100,846293,857097
09:34:05.250,600029,6.78,100,846293,859673
09:34:05.430,600029,6.78,100,855723,860206
09:34:05.570,600029,6.78,100,855723,860543
09:34:05.710,600029,6.78,100,855723,860982
09:34:08.230,600029,6.78,300,855723,865571
09:34:08.230,600029,6.78,100,858487,865571
09:34:08.230,600029,6.78,100,861864,865571
09:34:08.620,600029,6.79,100,866627,683053
09:34:11.420,600029,6.79,200,871871,739220
09:34:11.580,600029,6.79,300,872145,739220
09:34:11.580,600029,6.79,600,872145,758435
09:34:11.580,600029,6.79,300,872145,805431
09:34:11.580,600029,6.79,500,872145,833037
09:34:11.580,600029,6.79,200,872145,847364
09:34:11.580,600029,6.79,300,872145,853173
09:34:11.580,600029,6.79,100,872145,858492
09:34:11.720,600029,6.79,200,872145,872613
09:34:11.720,600029,6.79,2500,872146,872613
09:34:11.720,600029,6.79,300,872236,872613
09:34:12.170,600029,6.8,200,873716,421618
09:34:12.390,600029,6.79,200,872236,874198
09:34:12.620,600029,6.79,200,872236,874671
09:34:12.890,600029,6.79,200,872236,875102
09:34:14.340,600029,6.79,200,872236,877131
09:34:14.600,600029,6.79,100,872236,877527
09:34:14.820,600029,6.79,200,872236,878321
09:34:15.450,600029,6.79,100,872236,879646
09:34:16.180,600029,6.79,2800,872236,880837
09:34:16.180,600029,6.79,1100,873126,880837
09:34:16.180,600029,6.79,200,873530,880837
09:34:16.180,600029,6.79,200,873550,880837
09:34:16.180,600029,6.79,1000,873616,880837
09:34:16.180,600029,6.79,1300,873656,880837
09:34:16.180,600029,6.79,100,873826,880837
09:34:16.180,600029,6.79,200,873839,880837
09:34:16.180,600029,6.79,100,874091,880837
09:34:16.180,600029,6.79,200,874233,880837
09:34:16.180,600029,6.79,100,874320,880837
09:34:16.180,600029,6.79,100,874410,880837
09:34:16.180,600029,6.79,100,874714,880837
09:34:16.180,600029,6.78,500,861864,880837
09:34:16.180,600029,6.78,2200,862901,880837
09:34:16.180,600029,6.78,3900,863170,880837
09:34:16.610,600029,6.79,400,881385,881189
09:34:16.760,600029,6.79,200,881385,881544
09:34:16.870,600029,6.79,400,881385,881749
09:34:17.040,600029,6.79,400,881385,881923
09:34:17.520,600029,6.8,200,882848,421618
09:34:17.520,600029,6.8,76,882848,528829
09:34:17.520,600029,6.8,500,882848,624463
09:34:17.520,600029,6.8,300,882848,725520
09:34:17.520,600029,6.8,2600,882848,861586
09:34:17.520,600029,6.8,1000,882848,872811
09:34:19.690,600029,6.8,500,882848,886494
09:34:20.480,600029,6.8,1000,882848,887728
09:34:20.570,600029,6.8,500,882848,887893
09:34:20.570,600029,6.8,300,882848,887894
09:34:20.670,600029,6.8,24,882848,888163
09:34:20.670,600029,6.8,1100,887616,888163
09:34:20.870,600029,6.8,376,888565,888163
09:34:20.870,600029,6.8,100,888565,888171
09:34:20.870,600029,6.8,124,888565,888183
09:34:21.150,600029,6.8,476,889090,888183
09:34:21.150,600029,6.8,300,889090,888188
09:34:21.150,600029,6.8,24,889090,888287
09:34:21.540,600029,6.79,600,881385,889827
09:34:22.860,600029,6.79,300,881385,891792
09:34:22.890,600029,6.79,500,881385,891865
09:34:23.440,600029,6.79,200,881385,892688
09:34:26.360,600029,6.79,600,881385,897312
09:34:26.390,600029,6.79,600,881385,897350
09:34:27.370,600029,6.79,200,881385,899103
09:34:27.400,600029,6.79,200,881385,899174
09:34:28.340,600029,6.79,100,881385,900391
09:34:28.340,600029,6.79,400,881829,900391
09:34:28.340,600029,6.79,100,881909,900391
09:34:28.370,600029,6.79,300,881909,900432
09:34:29.360,600029,6.79,1500,881909,901756
09:34:29.360,600029,6.79,400,881944,901756
09:34:29.360,600029,6.79,400,881945,901756
09:34:29.360,600029,6.79,400,881988,901756
09:34:29.360,600029,6.79,300,891494,901756
09:34:29.360,600029,6.79,700,891494,901761
09:34:29.610,600029,6.79,100,891494,902170
09:34:30.440,600029,6.79,100,891494,903755
09:34:30.860,600029,6.79,500,897793,904444
09:34:31.590,600029,6.79,100,897793,905514
09:34:31.800,600029,6.79,100,897793,905745
09:34:32.530,600029,6.79,300,897793,907003
09:34:32.530,600029,6.79,100,905171,907003
09:34:33.320,600029,6.79,500,905171,908507
09:34:33.730,600029,6.79,100,909055,908507
09:34:33.790,600029,6.79,100,909080,908507
09:34:33.790,600029,6.79,400,909082,908507
09:34:33.790,600029,6.79,100,909083,908507
09:34:33.790,600029,6.79,100,909086,908507
09:34:33.790,600029,6.79,100,909087,908507
09:34:33.790,600029,6.79,100,909099,908507
09:34:33.790,600029,6.79,100,909102,908507
09:34:33.790,600029,6.79,100,909103,908507
09:34:33.790,600029,6.79,500,909111,908507
09:34:33.790,600029,6.79,100,909112,908507
09:34:33.790,600029,6.79,100,909113,908507
09:34:33.790,600029,6.79,100,909114,908507
09:34:33.790,600029,6.79,100,909117,908507
09:34:33.790,600029,6.79,100,909118,908570
09:34:34.970,600029,6.79,100,909122,910572
09:34:34.970,600029,6.79,100,909123,910572
09:34:34.970,600029,6.79,100,909124,910572
09:34:34.970,600029,6.79,100,909125,910572
09:34:34.970,600029,6.79,100,909127,910572
09:34:34.970,600029,6.79,100,909128,910572
09:34:34.970,600029,6.79,100,909129,910572
09:34:34.970,600029,6.79,200,909130,910572
09:34:34.970,600029,6.79,200,909134,910622
09:34:34.970,600029,6.79,100,909144,910622
09:34:34.970,600029,6.79,200,909156,910622
09:34:34.970,600029,6.79,100,909165,910622
09:34:37.980,600029,6.79,200,909166,915229
09:34:37.980,600029,6.79,500,909191,915229
09:34:37.980,600029,6.79,100,909265,915229
09:34:37.980,600029,6.79,100,909266,915229
09:34:37.980,600029,6.79,100,909463,915229
09:34:37.980,600029,6.79,100,909464,915229
09:34:37.980,600029,6.79,100,909465,915229
09:34:37.980,600029,6.79,100,909519,915229
09:34:37.980,600029,6.79,100,909547,915229
09:34:37.980,600029,6.79,100,909557,915229
09:34:37.980,600029,6.79,100,909567,915229
09:34:37.980,600029,6.79,100,909577,915229
09:34:37.980,600029,6.79,100,909626,915229
09:34:37.980,600029,6.79,100,909632,915229
09:34:37.980,600029,6.79,100,909640,915229
09:34:37.980,600029,6.79,100,909641,915229
09:34:37.980,600029,6.79,100,909642,915229
09:34:37.980,600029,6.79,100,909643,915229
09:34:37.980,600029,6.79,100,909644,915229
09:34:37.980,600029,6.79,100,909645,915229
09:34:37.980,600029,6.79,100,909681,915229
09:34:38.940,600029,6.8,176,916902,888287
09:34:38.940,600029,6.8,1300,916902,888556
09:34:38.940,600029,6.8,1000,916902,888599
09:34:38.940,600029,6.8,224,916902,889292
09:34:40.960,600029,6.79,200,909682,919492
09:34:40.960,600029,6.79,100,909683,919492
09:34:40.960,600029,6.79,100,909817,919492
09:34:40.960,600029,6.79,1600,914205,919492
09:34:40.960,600029,6.79,100,917956,919492
09:34:43.960,600029,6.79,1100,917956,924033
09:34:45.560,600029,6.79,100,923373,927213
09:34:46.970,600029,6.79,2500,923373,928876
09:34:50.010,600029,6.79,2500,923373,933650
09:34:53.070,600029,6.79,2500,923373,938109
09:34:53.250,600029,6.8,176,938479,889292
09:34:53.250,600029,6.8,1400,938479,889293
09:34:53.250,600029,6.8,300,938479,889310
09:34:53.250,600029,6.8,700,938479,889311
09:34:53.250,600029,6.8,800,938479,889312
09:34:53.250,600029,6.8,500,938479,889330
09:34:53.250,600029,6.8,400,938479,890343
09:34:53.250,600029,6.8,100,938479,899991
09:34:53.250,600029,6.8,1000,938479,906406
09:34:53.250,600029,6.8,500,938479,907167
09:34:53.250,600029,6.8,3900,938479,910067
09:34:53.250,600029,6.8,300,938479,916043
09:34:53.250,600029,6.8,200,938479,921868
09:34:53.250,600029,6.8,1800,938479,928590
09:34:53.250,600029,6.8,200,938479,931629
09:34:53.370,600029,6.8,2000,938479,938720
09:34:53.550,600029,6.8,100,938479,938980
09:34:53.550,600029,6.8,1824,938479,938988
09:34:53.630,600029,6.79,100,923373,939112
09:34:58.490,600029,6.79,600,923373,946985
09:34:58.810,600029,6.79,100,923373,947383
09:34:59.030,600029,6.79,1200,923373,947611
09:34:59.030,600029,6.79,1000,924126,947611
09:34:59.030,600029,6.79,400,928807,947611
09:34:59.200,600029,6.79,200,928807,947830
09:34:59.230,600029,6.79,100,928807,947886
09:35:02.500,600029,6.8,34000,953999,938988
09:35:02.530,600029,6.8,76,954060,938988
09:35:02.530,600029,6.8,24,954060,938989
09:35:02.590,600029,6.8,18500,954209,938989
09:35:02.590,600029,6.8,600,954221,938989
09:35:02.820,600029,6.8,4176,954713,938989
09:35:02.820,600029,6.8,19000,954713,938991
09:35:02.820,600029,6.8,20600,954713,938992
09:35:02.820,600029,6.8,25900,954713,938993
09:35:02.820,600029,6.8,100,954713,939001
09:35:02.820,600029,6.8,200,954713,939033
09:35:02.820,600029,6.8,100,954713,939092
09:35:02.820,600029,6.8,20400,954713,939100
09:35:02.820,600029,6.8,100,954713,939107
09:35:02.820,600029,6.8,600,954713,940275
09:35:02.820,600029,6.8,200,954713,943720
09:35:02.820,600029,6.8,400,954713,944987
09:35:02.820,600029,6.8,3600,954713,945114
09:35:02.820,600029,6.8,300,954713,952808
09:35:02.820,600029,6.8,500,954713,952809
09:35:02.820,600029,6.8,224,954713,953674
09:35:02.820,600029,6.79,100,928807,954813
09:35:02.930,600029,6.79,100,928807,955021
09:35:02.960,600029,6.79,100,928807,955040
09:35:03.220,600029,6.79,100,928807,955770
09:35:03.330,600029,6.8,76,956034,953674
09:35:03.390,600029,6.8,24,956034,956067
09:35:03.390,600029,6.8,100,956038,956067
09:35:03.390,600029,6.8,100,956039,956067
09:35:03.390,600029,6.8,100,956151,956067
09:35:03.460,600029,6.8,400,956259,956067
09:35:03.460,600029,6.8,300,956260,956067
09:35:03.460,600029,6.8,100,956261,956067
09:35:03.460,600029,6.8,100,956262,956067
09:35:03.460,600029,6.8,600,956285,956067
09:35:03.550,600029,6.8,200,956503,956067
09:35:03.620,600029,6.8,300,956614,956067
09:35:03.620,600029,6.8,100,956632,956067
09:35:05.120,600029,6.8,100,956853,959003
09:35:05.120,600029,6.8,500,956978,959003
09:35:05.120,600029,6.8,100,956983,959003
09:35:05.120,600029,6.8,200,956984,959003
09:35:05.120,600029,6.8,400,956986,959003
09:35:05.120,600029,6.8,300,956987,959003
09:35:05.120,600029,6.8,100,956999,959003
09:35:05.120,600029,6.8,100,957061,959003
09:35:05.120,600029,6.8,100,957194,959003
09:35:05.120,600029,6.8,100,957212,959003
09:35:05.120,600029,6.8,100,957261,959003
09:35:05.120,600029,6.8,100,957262,959003
09:35:05.120,600029,6.8,200,957302,959003
09:35:05.120,600029,6.8,100,957303,959003
09:35:05.190,600029,6.8,100,957356,959106
09:35:05.220,600029,6.81,200,959156,615693
09:35:05.250,600029,6.81,200,959258,615693
09:35:05.250,600029,6.81,400,959282,615693
09:35:05.310,600029,6.81,800,959336,615693
09:35:05.370,600029,6.81,400,959408,615693
09:35:05.370,600029,6.81,200,959409,615693
09:35:05.520,600029,6.8,100,957357,959692
09:35:05.830,600029,6.81,100,960407,615693
09:35:06.010,600029,6.81,100,960808,615693
09:35:06.040,600029,6.81,100,960840,615693
09:35:06.160,600029,6.81,100,961067,615693
09:35:06.310,600029,6.81,200,961421,615693
09:35:08.240,600029,6.81,1100,964640,615693
09:35:08.270,600029,6.8,200,957369,964675
09:35:08.270,600029,6.8,3900,957618,964675
09:35:08.360,600029,6.8,2600,957618,964985
09:35:08.360,600029,6.8,1400,957993,964985
09:35:08.660,600029,6.8,600,957993,965593
09:35:10.070,600029,6.8,900,957993,968575
09:35:11.260,600029,6.8,3900,957993,970226
09:35:11.280,600029,6.8,100,957993,970291
09:35:11.280,600029,6.8,200,958392,970291
09:35:11.280,600029,6.8,1000,964113,970291
09:35:11.280,600029,6.8,1400,967181,970291
09:35:11.280,600029,6.8,1400,970385,970291
09:35:11.470,600029,6.8,200,970385,970945
09:35:14.090,600029,6.8,700,970385,976226
09:35:14.090,600029,6.8,3300,974607,976226
09:35:14.160,600029,6.8,1900,974607,976372
09:35:15.570,600029,6.81,6100,979346,615693
09:35:15.570,600029,6.81,1000,979346,718552
09:35:15.570,600029,6.81,4400,979346,752874
09:35:15.570,600029,6.81,2900,979346,963561
09:35:16.980,600029,6.8,4000,974607,981376
09:35:19.940,600029,6.8,4100,974607,986086
09:35:22.960,600029,6.8,1100,974607,991069
09:35:22.960,600029,6.8,1000,977450,991069
09:35:22.960,600029,6.8,2000,981594,991069
09:35:25.130,600029,6.8,1500,981594,994955
09:35:25.130,600029,6.8,400,983923,994955
09:35:25.130,600029,6.8,100,983963,994955
09:35:25.130,600029,6.8,400,986224,994955
09:35:25.130,600029,6.8,4900,986725,994955
09:35:25.950,600029,6.81,100,996014,963561
09:35:26.020,600029,6.8,100,986725,996121
09:35:26.020,600029,6.8,100,988229,996121
09:35:26.020,600029,6.8,3800,989630,996121
09:35:29.030,600029,6.8,4000,989630,1001636
09:35:29.310,600029,6.8,2200,989630,1002209
09:35:29.310,600029,6.8,100,991659,1002209
09:35:29.310,600029,6.8,3300,995944,1002209
09:35:29.310,600029,6.8,2500,997537,1002209
09:35:29.310,600029,6.8,400,1000230,1002209
09:35:30.900,600029,6.8,400,1003560,1004957
09:35:30.900,600029,6.79,100,929365,1004957
09:35:30.900,600029,6.79,200,935649,1004957
09:35:30.900,600029,6.79,300,938041,1004957
09:35:34.190,600029,6.8,100,1010042,1006300
09:35:35.250,600029,6.79,400,938041,1011437
09:35:35.250,600029,6.79,100,941133,1011437
09:35:36.360,600029,6.79,200,941133,1013539
09:35:36.560,600029,6.79,200,941133,1013826
09:35:36.870,600029,6.79,3500,941133,1014211
09:35:36.870,600029,6.79,400,943912,1014211
09:35:38.280,600029,6.79,100,943912,1015766
09:35:40.280,600029,6.8,100,1018765,1007234
09:35:40.280,600029,6.8,800,1018765,1007236
09:35:40.280,600029,6.8,100,1018765,1007253
09:35:40.280,600029,6.8,100,1018765,1007254
09:35:40.280,600029,6.8,100,1018765,1007255
09:35:40.280,600029,6.8,100,1018765,1007322
09:35:40.280,600029,6.8,100,1018765,1007323
09:35:40.280,600029,6.8,200,1018765,1007324
09:35:40.280,600029,6.8,100,1018765,1007325
09:35:40.280,600029,6.8,100,1018765,1007326
09:35:40.280,600029,6.8,100,1018765,1007327
09:35:40.280,600029,6.8,100,1018765,1007328
09:35:40.280,600029,6.8,100,1018765,1007329
09:35:40.280,600029,6.8,200,1018765,1007330
09:35:40.280,600029,6.8,300,1018765,1007331
09:35:40.280,600029,6.8,100,1018765,1007335
09:35:40.280,600029,6.8,300,1018765,1007336
09:35:40.280,600029,6.8,200,1018765,1007389
09:35:40.280,600029,6.8,100,1018765,1007528
09:35:40.280,600029,6.8,200,1018765,1007529
09:35:40.280,600029,6.8,200,1018765,1007530
09:35:40.280,600029,6.8,100,1018765,1007531
09:35:40.280,600029,6.8,100,1018765,1007532
09:35:40.280,600029,6.8,2100,1018765,1009920
09:35:40.340,600029,6.8,1700,1018815,1009920
09:35:40.340,600029,6.8,1000,1018815,1014557
09:35:40.460,600029,6.79,600,943912,1018965
09:35:40.460,600029,6.79,200,949370,1018965
09:35:41.000,600029,6.79,1000,949370,1019625
09:35:41.000,600029,6.79,2900,952530,1019625
09:35:41.230,600029,6.8,700,1019990,1014557
09:35:41.230,600029,6.8,100,1019990,1015900
09:35:45.680,600029,6.79,100,952530,1027469
09:35:46.090,600029,6.79,100,952530,1027981
09:35:47.310,600029,6.79,100,952530,1029428
09:35:49.650,600029,6.79,1000,952530,1033071
09:35:49.970,600029,6.79,3800,952530,1033468
09:35:50.190,600029,6.79,200,952530,1033785
09:35:51.000,600029,6.79,200,952530,1035378
09:35:53.000,600029,6.79,1600,952530,1037921
09:35:53.000,600029,6.79,2200,955363,1037921
09:35:56.100,600029,6.79,2300,955363,1042428
09:35:56.100,600029,6.79,1400,956410,1042428
09:35:56.550,600029,6.79,1600,956410,1043202
09:35:56.550,600029,6.79,100,1008536,1043202
09:35:56.550,600029,6.79,3700,1019435,1043202
09:35:56.550,600029,6.79,1800,1027489,1043202
09:35:56.620,600029,6.79,200,1027489,1043371
09:35:56.620,600029,6.79,1300,1037589,1043371
09:35:56.860,600029,6.79,100,1037589,1043831
09:35:56.860,600029,6.79,300,1037589,1043832
09:35:56.860,600029,6.79,3000,1037589,1043853
09:35:56.890,600029,6.79,200,1037589,1043865
09:35:56.890,600029,6.79,100,1037589,1043866
09:35:56.950,600029,6.79,200,1037589,1044017
09:35:57.230,600029,6.79,100,1037589,1044536
09:35:57.260,600029,6.79,100,1037589,1044602
09:35:57.620,600029,6.79,200,1037589,1045038
09:35:58.000,600029,6.79,300,1037589,1045579
09:35:58.500,600029,6.79,200,1037589,1046276
09:35:58.920,600029,6.79,100,1037589,1046713
09:35:59.130,600029,6.79,3700,1037589,1046944
09:35:59.180,600029,6.79,100,1037589,1047021
09:35:59.240,600029,6.79,200,1039400,1047125
09:35:59.290,600029,6.79,500,1039400,1047169
09:35:59.550,600029,6.79,100,1039400,1047732
09:35:59.580,600029,6.79,400,1039400,1047772
09:35:59.580,600029,6.79,800,1047641,1047772
09:36:00.480,600029,6.79,100,1047641,1049643
09:36:02.240,600029,6.8,500,1052918,1015900
09:36:02.860,600029,6.79,100,1047641,1054432
09:36:03.800,600029,6.79,3800,1047641,1056345
09:36:05.070,600029,6.79,200,1047641,1058096
09:36:05.070,600029,6.79,2000,1047727,1058096
09:36:05.070,600029,6.79,1600,1048065,1058096
09:36:07.000,600029,6.79,600,1048065,1061504
09:36:08.220,600029,6.79,100,1048065,1063571
09:36:08.250,600029,6.79,200,1048065,1063649
09:36:08.590,600029,6.79,100,1048065,1064555
09:36:08.620,600029,6.79,2600,1048065,1064765
09:36:08.620,600029,6.79,100,1048065,1064917
09:36:09.420,600029,6.79,100,1048065,1066910
09:36:09.420,600029,6.79,300,1048065,1066945
09:36:10.380,600029,6.79,200,1048065,1068533
09:36:10.440,600029,6.79,100,1048065,1068589
09:36:11.220,600029,6.79,200,1048065,1069923
09:36:11.260,600029,6.79,500,1048065,1070008
09:36:11.260,600029,6.79,200,1048065,1070016
09:36:11.260,600029,6.79,1100,1050107,1070016
09:36:11.260,600029,6.79,400,1050789,1070016
09:36:11.260,600029,6.79,100,1053329,1070016
09:36:11.260,600029,6.79,300,1064666,1070016
09:36:11.320,600029,6.79,800,1064666,1070236
09:36:11.610,600029,6.79,100,1064666,1071013
09:36:11.610,600029,6.79,2900,1065888,1071013
09:36:12.650,600029,6.79,200,1065888,1073121
09:36:14.180,600029,6.79,3700,1065888,1075590
09:36:14.210,600029,6.79,100,1065888,1075666
09:36:14.290,600029,6.79,200,1065888,1075909
09:36:15.390,600029,6.79,200,1065888,1078814
09:36:17.230,600029,6.79,300,1065888,1081434
09:36:17.330,600029,6.79,500,1065888,1081553
09:36:17.370,600029,6.79,300,1065888,1081620
09:36:18.410,600029,6.79,300,1065888,1083883
09:36:19.310,600029,6.79,200,1065888,1084944
09:36:19.530,600029,6.79,200,1065888,1085287
09:36:20.270,600029,6.79,300,1065888,1086272
09:36:22.340,600029,6.79,17100,1065888,1090171
09:36:22.620,600029,6.79,100,1065888,1090655
09:36:22.650,600029,6.79,200,1065888,1090685
09:36:22.680,600029,6.79,200,1065888,1090749
09:36:22.680,600029,6.79,100,1065888,1090750
09:36:22.770,600029,6.79,200,1065888,1090899
09:36:23.130,600029,6.79,300,1065888,1091435
09:36:23.240,600029,6.79,1700,1065888,1091656
09:36:23.240,600029,6.79,1400,1065888,1091660
09:36:23.280,600029,6.79,400,1065888,1091670
09:36:23.280,600029,6.79,600,1065888,1091678
09:36:23.300,600029,6.79,800,1065888,1091698
09:36:23.300,600029,6.79,700,1065888,1091701
09:36:23.300,600029,6.79,1500,1065888,1091714
09:36:23.300,600029,6.79,500,1065888,1091729
09:36:23.300,600029,6.79,2600,1065888,1091730
09:36:23.300,600029,6.79,1200,1065888,1091734
09:36:23.300,600029,6.79,600,1065888,1091735
09:36:23.300,600029,6.79,400,1065888,1091736
09:36:23.300,600029,6.79,100,1068042,1091736
09:36:23.300,600029,6.79,300,1068042,1091738
09:36:23.300,600029,6.79,100,1070714,1091738
09:36:23.300,600029,6.79,100,1077942,1091738
09:36:23.300,600029,6.79,200,1081064,1091738
09:36:23.300,600029,6.79,600,1081064,1091760
09:36:23.340,600029,6.79,600,1081064,1091789
09:36:23.340,600029,6.79,800,1081064,1091824
09:36:23.370,600029,6.79,500,1081064,1091855
09:36:23.370,600029,6.79,500,1081064,1091856
09:36:23.370,600029,6.79,800,1081064,1091882
09:36:23.370,600029,6.79,300,1087948,1091882
09:36:23.400,600029,6.79,100,1087948,1091995
09:36:23.470,600029,6.79,800,1092060,1091995
09:36:23.470,600029,6.79,200,1092060,1092030
09:36:27.070,600029,6.79,100,1098203,1092030
09:36:27.580,600029,6.79,200,1099133,1092030
09:36:31.160,600029,6.79,1000,1104050,1092030
09:36:31.160,600029,6.79,3400,1104050,1092031
09:36:31.160,600029,6.79,600,1104050,1092130
09:36:31.160,600029,6.79,1600,1104050,1092132
09:36:31.160,600029,6.79,100,1104050,1092537
09:36:31.160,600029,6.79,100,1104050,1092541
09:36:35.500,600029,6.78,2300,872307,1110536
09:36:35.500,600029,6.78,3400,893561,1110536
09:36:35.500,600029,6.78,4700,901276,1110536
09:36:40.410,600029,6.79,2600,1117610,1092997
09:36:40.410,600029,6.79,100,1117610,1096647
09:36:42.350,600029,6.79,200,1120662,1096647
09:36:42.600,600029,6.78,300,901276,1120964
09:36:42.600,600029,6.78,3000,962257,1120964
09:36:42.600,600029,6.78,500,996068,1120964
09:36:42.600,600029,6.78,700,1022020,1120964
09:36:44.490,600029,6.78,1300,1022020,1123293
09:36:44.490,600029,6.78,600,1029136,1123293
09:36:44.490,600029,6.78,4900,1092540,1123293
09:36:44.490,600029,6.78,4000,1093173,1123293
09:36:44.490,600029,6.78,300,1105092,1123293
09:36:44.490,600029,6.78,1100,1109251,1123293
09:36:44.490,600029,6.78,200,1116801,1123293
09:36:45.490,600029,6.78,100,1116801,1124881
09:36:48.300,600029,6.78,800,1116801,1128765
09:36:48.920,600029,6.78,100,1116801,1129546
09:36:48.920,600029,6.78,100,1116801,1129554
09:36:55.900,600029,6.78,200,1116801,1138835
09:36:55.900,600029,6.78,400,1119989,1138835
09:36:55.900,600029,6.78,100,1120097,1138835
09:36:55.900,600029,6.78,1300,1121482,1138835
09:36:57.190,600029,6.78,100,1121482,1140696
09:37:00.580,600029,6.78,100,1121482,1145441
09:37:05.240,600029,6.78,2000,1121482,1151824
09:37:08.820,600029,6.78,200,1121482,1157287
09:37:11.630,600029,6.78,400,1121482,1161092
09:37:11.630,600029,6.78,400,1121482,1161094
09:37:12.250,600029,6.78,1000,1121482,1162142
09:37:14.570,600029,6.78,200,1121482,1165182
09:37:14.630,600029,6.78,200,1121482,1165291
09:37:15.650,600029,6.78,100,1121482,1166830
09:37:15.950,600029,6.78,400,1121482,1167220
09:37:16.120,600029,6.78,200,1121482,1167367
09:37:17.620,600029,6.78,200,1121482,1169674
09:37:17.670,600029,6.78,200,1121482,1169774
09:37:18.360,600029,6.78,100,1121482,1170898
09:37:18.360,600029,6.78,100,1121482,1170899
09:37:18.430,600029,6.78,100,1121482,1171046
09:37:18.590,600029,6.78,100,1121482,1171246
09:37:19.800,600029,6.78,200,1121482,1172676
09:37:20.570,600029,6.78,400,1121482,1173896
09:37:20.630,600029,6.78,200,1121482,1174047
09:37:23.160,600029,6.78,800,1121482,1177269
09:37:23.160,600029,6.78,600,1125167,1177269
09:37:23.160,600029,6.78,500,1126195,1177269
09:37:23.160,600029,6.78,1200,1130012,1177269
09:37:23.160,600029,6.78,200,1136582,1177269
09:37:23.160,600029,6.78,900,1138602,1177269
09:37:23.160,600029,6.78,300,1143078,1177269
09:37:23.160,600029,6.78,2500,1145911,1177269
09:37:23.160,600029,6.78,4200,1146743,1177269
09:37:23.160,600029,6.78,6700,1147979,1177269
09:37:23.160,600029,6.78,100,1161821,1177269
09:37:23.160,600029,6.78,1200,1167264,1177269
09:37:23.160,600029,6.78,1000,1167856,1177269
09:37:23.160,600029,6.78,100,1173720,1177269
09:37:23.560,600029,6.78,1500,1177871,1177269
09:37:23.830,600029,6.78,400,1178420,1177269
09:37:24.400,600029,6.78,100,1179446,1177269
09:37:24.460,600029,6.78,100,1179535,1177269
09:37:24.700,600029,6.78,100,1179792,1177269
09:37:24.800,600029,6.78,100,1179959,1177269
09:37:24.920,600029,6.78,200,1180087,1177269
09:37:24.920,600029,6.78,100,1180124,1177269
09:37:24.980,600029,6.78,100,1180189,1177269
09:37:25.060,600029,6.78,100,1180282,1177269
09:37:25.850,600029,6.78,100,1181135,1177269
09:37:26.510,600029,6.78,700,1182003,1177269
09:37:26.510,600029,6.78,2200,1182003,1180190
09:37:26.600,600029,6.78,1400,1182062,1181760
09:37:27.050,600029,6.78,100,1182062,1182714
09:37:28.190,600029,6.78,6500,1182062,1184353
09:37:28.190,600029,6.78,1000,1182179,1184353
09:37:28.190,600029,6.78,100,1183120,1184353
09:37:28.190,600029,6.78,200,1183124,1184353
09:37:28.190,600029,6.78,200,1183125,1184353
09:37:28.190,600029,6.78,100,1183126,1184353
09:37:28.190,600029,6.78,300,1183165,1184353
09:37:28.190,600029,6.78,500,1183175,1184353
09:37:28.190,600029,6.78,100,1183301,1184353
09:37:28.190,600029,6.78,100,1183333,1184353
09:37:28.190,600029,6.78,300,1183397,1184353
09:37:28.190,600029,6.78,300,1183399,1184353
09:37:28.190,600029,6.78,100,1183423,1184353
09:37:28.190,600029,6.78,400,1183473,1184353
09:37:28.190,600029,6.78,400,1183492,1184353
09:37:28.190,600029,6.78,200,1183621,1184353
09:37:28.190,600029,6.78,200,1183668,1184353
09:37:28.190,600029,6.78,200,1183721,1184353
09:37:28.190,600029,6.78,300,1184018,1184353
09:37:28.600,600029,6.78,400,1184800,1184353
09:37:28.630,600029,6.78,200,1184868,1184353
09:37:28.660,600029,6.78,100,1184901,1184353
09:37:28.880,600029,6.78,500,1185113,1184353
09:37:29.240,600029,6.78,100,1185544,1184353
09:37:29.240,600029,6.78,100,1185545,1184353
09:37:29.240,600029,6.78,100,1185546,1184353
09:37:29.240,600029,6.78,200,1185547,1184353
09:37:29.240,600029,6.78,100,1185548,1184353
09:37:29.240,600029,6.78,200,1185564,1184353
09:37:29.240,600029,6.78,100,1185565,1184353
09:37:29.240,600029,6.78,100,1185566,1184353
09:37:29.240,600029,6.78,300,1185567,1184353
09:37:29.240,600029,6.78,100,1185568,1184353
09:37:29.240,600029,6.78,100,1185569,1184353
09:37:29.240,600029,6.78,100,1185581,1184353
09:37:29.270,600029,6.78,100,1185589,1184353
09:37:29.270,600029,6.78,100,1185590,1184353
09:37:29.270,600029,6.78,100,1185591,1184353
09:37:29.270,600029,6.78,100,1185599,1184353
09:37:29.270,600029,6.78,100,1185601,1184353
09:37:29.270,600029,6.78,100,1185605,1184353
09:37:29.270,600029,6.78,100,1185606,1184353
09:37:29.270,600029,6.78,200,1185607,1184353
09:37:29.270,600029,6.78,100,1185608,1184353
09:37:29.270,600029,6.78,200,1185609,1184353
09:37:29.270,600029,6.78,100,1185610,1184353
09:37:29.300,600029,6.78,400,1185622,1184353
09:37:29.300,600029,6.78,400,1185623,1184353
09:37:29.300,600029,6.78,300,1185624,1184353
09:37:29.300,600029,6.78,200,1185656,1184353
09:37:29.330,600029,6.78,100,1185686,1184353
09:37:29.330,600029,6.78,200,1185687,1184353
09:37:29.380,600029,6.78,100,1185710,1184353
09:37:29.380,600029,6.78,100,1185711,1184353
09:37:29.380,600029,6.78,100,1185712,1184353
09:37:29.380,600029,6.78,100,1185713,1184353
09:37:29.380,600029,6.78,100,1185714,1184353
09:37:29.380,600029,6.78,100,1185716,1184353
09:37:29.470,600029,6.78,2200,1185935,1184353
09:37:29.620,600029,6.78,900,1185935,1186239
09:37:29.620,600029,6.78,100,1186004,1186239
09:37:29.620,600029,6.78,100,1186050,1186239
09:37:29.620,600029,6.78,200,1186051,1186239
09:37:29.620,600029,6.78,200,1186058,1186239
09:37:29.620,600029,6.78,100,1186075,1186239
09:37:29.620,600029,6.78,200,1186144,1186239
09:37:29.620,600029,6.78,100,1186156,1186239
09:37:29.620,600029,6.78,100,1186157,1186239
09:37:29.620,600029,6.78,100,1186176,1186239
09:37:29.620,600029,6.78,3100,1186225,1186239
09:37:29.620,600029,6.77,3200,729925,1186239
09:37:36.860,600029,6.79,700,1196371,1096647
09:37:38.700,600029,6.78,100,1186611,1198760
09:37:40.750,600029,6.79,2200,1201552,1096647
09:37:40.750,600029,6.79,600,1201552,1101085
09:37:41.980,600029,6.78,200,1187823,1203448
09:37:41.980,600029,6.78,100,1188952,1203448
09:37:41.980,600029,6.78,400,1188953,1203448
09:37:41.980,600029,6.78,400,1188954,1203448
09:37:41.980,600029,6.78,400,1188955,1203448
09:37:41.980,600029,6.78,300,1188956,1203448
09:37:41.980,600029,6.78,200,1189001,1203448
09:37:41.980,600029,6.78,400,1189112,1203448
09:37:41.980,600029,6.78,400,1189113,1203448
09:37:41.980,600029,6.78,200,1189114,1203448
09:37:43.310,600029,6.79,400,1205083,1101202
09:37:43.400,600029,6.79,200,1205162,1101202
09:37:43.400,600029,6.79,200,1205162,1101460
09:37:43.400,600029,6.79,400,1205163,1101460
09:37:43.770,600029,6.79,100,1205527,1101460
09:37:43.830,600029,6.79,100,1205623,1101460
09:37:43.830,600029,6.79,100,1205624,1101460
09:37:43.950,600029,6.79,100,1205729,1101460
09:37:44.010,600029,6.79,100,1205797,1101460
09:37:44.310,600029,6.79,100,1206155,1101460
09:37:44.450,600029,6.79,100,1206374,1101460
09:37:44.510,600029,6.79,100,1206432,1101460
09:37:44.570,600029,6.79,400,1206518,1101460
09:37:44.570,600029,6.79,400,1206519,1101460
09:37:44.570,600029,6.79,400,1206573,1101460
09:37:45.540,600029,6.78,300,1189114,1208159
09:37:45.540,600029,6.78,200,1189115,1208159
09:37:46.410,600029,6.79,500,1209116,1101460
09:37:51.280,600029,6.78,200,1189115,1216026
09:37:51.280,600029,6.78,700,1189116,1216026
09:37:51.280,600029,6.78,300,1189207,1216026
09:37:51.280,600029,6.78,200,1189208,1216026
09:37:51.280,600029,6.78,100,1189224,1216026
09:37:51.280,600029,6.78,300,1189235,1216026
09:37:51.280,600029,6.78,600,1189268,1216026
09:37:51.280,600029,6.78,600,1189288,1216026
09:37:51.280,600029,6.78,100,1189301,1216026
09:37:51.280,600029,6.78,700,1189305,1216026
09:37:51.280,600029,6.78,100,1189502,1216026
09:37:51.280,600029,6.78,500,1189546,1216026
09:37:51.280,600029,6.78,200,1189565,1216026
09:37:51.280,600029,6.78,200,1190032,1216026
09:37:51.280,600029,6.78,700,1192500,1216026
09:37:51.280,600029,6.78,300,1192501,1216026
09:37:51.280,600029,6.78,1100,1193372,1216026
09:37:51.280,600029,6.78,1000,1196999,1216026
09:37:51.280,600029,6.78,500,1206470,1216026
09:37:52.760,600029,6.79,200,1217980,1101460
09:37:53.570,600029,6.78,400,1206470,1219004
09:37:53.570,600029,6.78,500,1207666,1219004
09:37:53.570,600029,6.78,900,1209512,1219004
09:37:57.860,600029,6.78,3800,1209512,1224967
09:37:57.860,600029,6.78,1300,1211730,1224967
09:37:57.860,600029,6.78,1400,1215370,1224967
09:37:57.860,600029,6.78,400,1219501,1224967
09:37:57.860,600029,6.78,500,1219873,1224967
09:37:57.860,600029,6.78,400,1221109,1224967
09:37:57.860,600029,6.78,200,1222890,1224967
09:37:57.860,600029,6.77,400,729925,1224967
09:37:59.220,600029,6.78,900,1225908,1226285
09:38:00.290,600029,6.78,100,1228063,1227442
09:38:00.290,600029,6.78,100,1228064,1227442
09:38:00.290,600029,6.78,100,1228065,1227442
09:38:00.290,600029,6.78,100,1228067,1227442
09:38:00.290,600029,6.78,100,1228068,1227442
09:38:00.290,600029,6.78,200,1228069,1227442
09:38:00.290,600029,6.78,200,1228093,1227442
09:38:00.290,600029,6.78,200,1228094,1227442
09:38:00.330,600029,6.78,100,1228113,1227442
09:38:00.330,600029,6.78,200,1228114,1227442
09:38:00.330,600029,6.78,100,1228115,1227442
09:38:00.330,600029,6.78,200,1228116,1227442
09:38:00.330,600029,6.78,100,1228117,1227442
09:38:00.330,600029,6.78,100,1228121,1227442
09:38:00.330,600029,6.78,200,1228122,1227442
09:38:00.330,600029,6.78,100,1228123,1227442
09:38:00.330,600029,6.78,100,1228124,1227442
09:38:00.330,600029,6.78,100,1228125,1227442
09:38:00.330,600029,6.78,300,1228133,1227442
09:38:00.330,600029,6.78,100,1228135,1227442
09:38:00.330,600029,6.78,100,1228136,1227442
09:38:00.330,600029,6.78,100,1228137,1227442
09:38:00.330,600029,6.78,100,1228140,1227442
09:38:00.330,600029,6.78,100,1228141,1227442
09:38:00.330,600029,6.78,100,1228142,1227442
09:38:00.330,600029,6.78,100,1228143,1227442
09:38:00.330,600029,6.78,100,1228189,1227442
09:38:00.330,600029,6.78,200,1228190,1227442
09:38:00.330,600029,6.78,100,1228191,1227442
09:38:00.450,600029,6.78,100,1228312,1227442
09:38:00.450,600029,6.78,100,1228313,1227442
09:38:00.450,600029,6.78,100,1228314,1227442
09:38:00.450,600029,6.78,100,1228315,1227442
09:38:00.450,600029,6.78,100,1228316,1227442
09:38:00.600,600029,6.78,1000,1228525,1227442
09:38:00.620,600029,6.78,300,1228539,1227442
09:38:00.620,600029,6.78,100,1228569,1227442
09:38:00.620,600029,6.78,200,1228570,1227442
09:38:00.620,600029,6.78,100,1228576,1227442
09:38:00.620,600029,6.78,100,1228577,1227442
09:38:00.620,600029,6.78,100,1228578,1227442
09:38:00.620,600029,6.78,200,1228587,1227442
09:38:00.990,600029,6.78,100,1228587,1229062
09:38:00.990,600029,6.78,100,1228588,1229062
09:38:00.990,600029,6.78,100,1228610,1229062
09:38:00.990,600029,6.78,100,1228620,1229062
09:38:00.990,600029,6.78,100,1228621,1229062
09:38:00.990,600029,6.78,300,1228666,1229062
09:38:00.990,600029,6.78,100,1228674,1229062
09:38:00.990,600029,6.78,100,1228675,1229062
09:38:00.990,600029,6.78,1200,1228980,1229062
09:38:00.990,600029,6.78,1000,1228998,1229062
09:38:00.990,600029,6.78,900,1229022,1229062
09:38:00.990,600029,6.78,900,1229050,1229062
09:38:00.990,600029,6.78,800,1229055,1229062
09:38:00.990,600029,6.78,200,1229064,1229062
09:38:01.560,600029,6.78,1300,1229211,1229776
09:38:01.560,600029,6.78,1400,1229500,1229776
09:38:01.560,600029,6.78,100,1229579,1229776
09:38:01.830,600029,6.78,100,1230106,1229776
09:38:03.090,600029,6.79,100,1231996,1104147
09:38:03.250,600029,6.79,100,1232282,1104147
09:38:03.490,600029,6.79,100,1232800,1104147
09:38:03.520,600029,6.78,200,1230106,1232845
09:38:07.100,600029,6.78,900,1230106,1237908
09:38:07.100,600029,6.78,100,1230245,1237908
09:38:07.100,600029,6.78,400,1230480,1237908
09:38:08.080,600029,6.78,300,1230480,1239301
09:38:08.230,600029,6.79,200,1239521,1104261
09:38:08.230,600029,6.79,800,1239521,1105412
09:38:11.210,600029,6.79,2000,1244131,1105412
09:38:11.210,600029,6.79,300,1244131,1108136
09:38:12.100,600029,6.78,400,1230480,1245999
09:38:12.100,600029,6.78,700,1230569,1245999
09:38:13.410,600029,6.78,300,1230569,1248038
09:38:15.940,600029,6.79,1300,1252253,1108136
09:38:15.940,600029,6.79,700,1252253,1128659
09:38:17.170,600029,6.79,1100,1253878,1128659
09:38:17.250,600029,6.79,300,1253973,1128659
09:38:18.010,600029,6.78,300,1230569,1255535
09:38:18.010,600029,6.78,1300,1230572,1255535
09:38:18.010,600029,6.78,1000,1230573,1255535
09:38:18.760,600029,6.79,2900,1256678,1128659
09:38:18.760,600029,6.79,300,1256678,1130933
09:38:18.760,600029,6.79,1700,1256678,1135941
09:38:18.760,600029,6.79,100,1256678,1141816
09:38:18.960,600029,6.78,100,1230573,1256895
09:38:20.280,600029,6.79,100,1258315,1141816
09:38:20.280,600029,6.79,600,1258315,1200292
09:38:20.280,600029,6.79,1200,1258315,1213929
09:38:20.280,600029,6.79,2900,1258315,1214408
09:38:20.480,600029,6.78,300,1230573,1258556
09:38:20.480,600029,6.78,1400,1230610,1258556
09:38:20.480,600029,6.78,300,1233833,1258556
09:38:20.480,600029,6.78,4100,1234928,1258556
09:38:20.480,600029,6.78,2200,1235834,1258556
09:38:22.260,600029,6.78,1500,1235834,1261084
09:38:25.610,600029,6.79,600,1265559,1214408
09:38:26.250,600029,6.79,300,1266284,1214408
09:38:26.250,600029,6.79,1000,1266284,1226082
09:38:26.250,600029,6.79,300,1266284,1236359
09:38:26.250,600029,6.79,100,1266284,1245895
09:38:26.250,600029,6.79,100,1266284,1249799
09:38:26.250,600029,6.79,2000,1266284,1252864
09:38:26.250,600029,6.79,1000,1266284,1262685
09:38:26.710,600029,6.8,700,1267211,1018741
09:38:26.710,600029,6.8,200,1267265,1019854
09:38:26.710,600029,6.8,100,1267266,1019854
09:38:27.540,600029,6.79,1000,1266285,1268499
09:38:28.800,600029,6.79,3800,1266285,1270020
09:38:28.800,600029,6.79,1200,1266296,1270020
09:38:28.860,600029,6.79,200,1266296,1270185
09:38:32.890,600029,6.79,900,1266296,1275890
09:38:32.890,600029,6.79,3000,1266297,1275890
09:38:32.890,600029,6.79,1000,1266311,1275890
09:38:32.890,600029,6.79,100,1266317,1275890
09:38:32.890,600029,6.79,100,1266393,1275890
09:38:32.890,600029,6.79,100,1269524,1275890
09:38:32.890,600029,6.79,800,1269525,1275890
09:38:32.890,600029,6.79,800,1269527,1275890
09:38:32.890,600029,6.79,400,1269528,1275890
09:38:32.890,600029,6.79,800,1269529,1275890
09:38:32.890,600029,6.79,1200,1269530,1275890
09:38:32.890,600029,6.79,600,1269531,1275890
09:38:32.890,600029,6.79,200,1269910,1275890
09:38:32.890,600029,6.79,1000,1269998,1275890
09:38:32.890,600029,6.79,200,1270041,1275890
09:38:32.890,600029,6.79,100,1270093,1275890
09:38:32.890,600029,6.79,200,1271199,1275890
09:38:32.890,600029,6.79,2400,1272647,1275890
09:38:33.390,600029,6.79,100,1272647,1276671
09:38:33.880,600029,6.79,600,1272647,1277283
09:38:33.880,600029,6.79,400,1274489,1277283
09:38:34.480,600029,6.8,400,1277987,1019854
09:38:34.640,600029,6.79,100,1274489,1278261
09:38:34.850,600029,6.79,100,1274489,1278551
09:38:36.540,600029,6.79,300,1274489,1281220
09:38:36.540,600029,6.79,100,1275992,1281220
09:38:36.540,600029,6.79,100,1276068,1281220
09:38:36.540,600029,6.79,300,1276472,1281220
09:38:36.540,600029,6.79,2200,1279691,1281220
09:38:37.970,600029,6.79,1700,1279691,1283184
09:38:37.970,600029,6.79,1400,1282004,1283184
09:38:39.110,600029,6.79,100,1282004,1285015
09:38:40.510,600029,6.8,1300,1286905,1019854
09:38:40.510,600029,6.8,1000,1286905,1020113
09:38:40.510,600029,6.8,3800,1286905,1020148
09:38:40.510,600029,6.8,1200,1286905,1023499
09:38:40.510,600029,6.8,1000,1286905,1037977
09:38:40.510,600029,6.8,300,1286905,1045845
09:38:40.510,600029,6.8,1000,1286905,1053849
09:38:40.510,600029,6.8,4300,1286905,1070587
09:38:40.970,600029,6.8,700,1287420,1070587
09:38:40.970,600029,6.8,500,1287420,1097173
09:38:40.970,600029,6.8,1500,1287420,1099613
09:38:40.970,600029,6.79,3100,1282004,1287434
09:38:41.140,600029,6.79,1300,1282004,1287616
09:38:41.140,600029,6.79,700,1286135,1287616
09:38:42.030,600029,6.79,300,1286135,1289315
09:38:42.120,600029,6.8,3500,1289472,1099613
09:38:42.120,600029,6.8,1300,1289472,1105098
09:38:44.420,600029,6.79,400,1286135,1293580
09:38:44.420,600029,6.79,100,1289377,1293580
09:38:45.120,600029,6.8,200,1295042,1105098
09:38:45.120,600029,6.8,100,1295061,1105098
09:38:45.120,600029,6.8,100,1295061,1204855
09:38:45.120,600029,6.8,500,1295061,1234256
09:38:45.770,600029,6.79,100,1289392,1296099
09:38:45.940,600029,6.79,4000,1289393,1296305
09:38:45.940,600029,6.79,1400,1293968,1296305
09:38:45.940,600029,6.79,100,1295043,1296305
09:38:45.940,600029,6.79,1000,1295341,1296305
09:38:45.940,600029,6.79,900,1296364,1296305
09:38:46.050,600029,6.79,4000,1296506,1296305
09:38:46.290,600029,6.79,1000,1296776,1296305
09:38:46.350,600029,6.79,200,1296821,1296305
09:38:46.350,600029,6.79,100,1296822,1296305
09:38:46.350,600029,6.79,200,1296823,1296305
09:38:46.350,600029,6.79,100,1296824,1296305
09:38:46.350,600029,6.79,100,1296825,1296305
09:38:46.350,600029,6.79,200,1296844,1296305
09:38:46.380,600029,6.79,100,1296871,1296305
09:38:46.380,600029,6.79,200,1296872,1296305
09:38:46.380,600029,6.79,100,1296873,1296305
09:38:46.380,600029,6.79,100,1296874,1296305
09:38:46.380,600029,6.79,200,1296875,1296305
09:38:46.380,600029,6.79,100,1296876,1296305
09:38:46.380,600029,6.79,100,1296877,1296305
09:38:46.380,600029,6.79,200,1296894,1296305
09:38:46.380,600029,6.79,100,1296895,1296305
09:38:46.400,600029,6.79,500,1296903,1296305
09:38:46.400,600029,6.79,500,1296904,1296305
09:38:46.400,600029,6.79,200,1296905,1296305
09:38:46.400,600029,6.79,100,1296906,1296305
09:38:46.400,600029,6.79,100,1296907,1296305
09:38:46.400,600029,6.79,100,1296908,1296305
09:38:46.400,600029,6.79,200,1296909,1296305
09:38:46.400,600029,6.79,300,1296910,1296305
09:38:46.400,600029,6.79,300,1296911,1296305
09:38:46.400,600029,6.79,100,1296912,1296305
09:38:46.400,600029,6.79,700,1296913,1296305
09:38:46.400,600029,6.79,200,1296914,1296305
09:38:46.400,600029,6.79,600,1296915,1296305
09:38:46.400,600029,6.79,800,1296916,1296305
09:38:46.400,600029,6.79,100,1296936,1296305
09:38:46.400,600029,6.79,100,1296937,1296305
09:38:46.400,600029,6.79,100,1296938,1296305
09:38:46.400,600029,6.79,100,1296939,1296305
09:38:46.400,600029,6.79,200,1296940,1296305
09:38:46.400,600029,6.79,100,1296941,1296305
09:38:46.400,600029,6.79,200,1296942,1296305
09:38:46.400,600029,6.79,100,1296943,1296305
09:38:46.800,600029,6.8,300,1297475,1243051
09:38:48.080,600029,6.8,200,1299721,1243051
09:38:48.080,600029,6.8,500,1299812,1243051
09:38:48.080,600029,6.8,100,1299812,1259634
09:38:48.080,600029,6.8,1700,1299813,1270795
09:38:48.080,600029,6.8,1400,1299814,1270795
09:38:48.080,600029,6.8,1200,1299814,1278022
09:38:48.080,600029,6.8,500,1299815,1278022
09:38:48.080,600029,6.8,3300,1299817,1278022
09:38:48.080,600029,6.8,100,1299817,1278268
09:38:48.080,600029,6.8,500,1299817,1286680
09:38:48.080,600029,6.8,200,1299817,1290052
09:38:48.470,600029,6.8,200,1299817,1300580
09:38:49.480,600029,6.81,600,1301774,970351
09:38:49.480,600029,6.81,500,1301774,970470
09:38:49.480,600029,6.81,600,1301774,970577
09:38:49.480,600029,6.81,1000,1301774,970578
09:38:49.480,600029,6.81,1100,1301774,970579
09:38:49.480,600029,6.81,600,1301774,970580
09:38:49.480,600029,6.81,400,1301774,970584
09:38:50.660,600029,6.81,200,1303274,975045
09:38:50.890,600029,6.81,2400,1303618,975045
09:38:50.890,600029,6.81,4200,1303618,993469
09:38:50.890,600029,6.81,1000,1303618,1000631
09:38:50.890,600029,6.81,200,1303618,1010806
09:38:50.890,600029,6.81,1100,1303618,1010946
09:38:50.890,600029,6.81,500,1303618,1146882
09:38:51.150,600029,6.81,100,1303977,1146882
09:38:51.350,600029,6.81,100,1304300,1146882
09:38:51.350,600029,6.81,1600,1304300,1176140
09:38:51.560,600029,6.81,1400,1304557,1176140
09:38:51.560,600029,6.81,1300,1304557,1220211
09:38:51.560,600029,6.81,500,1304557,1259470
09:38:51.710,600029,6.81,200,1304557,1304701
09:38:56.460,600029,6.81,200,1304557,1310981
09:38:58.130,600029,6.81,300,1304557,1313305
09:38:58.760,600029,6.82,4000,1314132,406579
09:38:59.030,600029,6.81,3400,1304557,1314410
09:38:59.130,600029,6.81,400,1304557,1314488
09:38:59.130,600029,6.81,1300,1304557,1314536
09:38:59.130,600029,6.81,200,1305128,1314536
09:38:59.130,600029,6.81,100,1305282,1314536
09:38:59.150,600029,6.81,100,1305282,1314555
09:38:59.150,600029,6.81,200,1306251,1314555
09:38:59.150,600029,6.81,300,1308080,1314555
09:38:59.590,600029,6.81,100,1308080,1315316
09:39:00.420,600029,6.81,100,1308080,1316959
09:39:00.540,600029,6.81,100,1308080,1317181
09:39:00.700,600029,6.81,100,1308080,1317451
09:39:00.840,600029,6.81,100,1308080,1317808
09:39:03.670,600029,6.81,200,1308080,1323231
09:39:03.670,600029,6.81,100,1311429,1323231
09:39:03.670,600029,6.81,400,1311430,1323231
09:39:03.670,600029,6.81,1000,1311432,1323231
09:39:03.670,600029,6.81,100,1311488,1323231
09:39:03.670,600029,6.81,100,1311498,1323231
09:39:03.670,600029,6.81,300,1311499,1323231
09:39:03.670,600029,6.81,100,1311500,1323231
09:39:03.670,600029,6.81,100,1311503,1323231
09:39:03.670,600029,6.81,1100,1311532,1323231
09:39:04.480,600029,6.81,100,1311532,1324617
09:39:05.100,600029,6.81,100,1311532,1325507
09:39:06.970,600029,6.81,100,1311532,1329308
09:39:07.060,600029,6.81,200,1311532,1329494
09:39:08.300,600029,6.81,600,1311532,1331713
09:39:08.400,600029,6.81,100,1311532,1331890
09:39:08.480,600029,6.81,100,1311532,1332062
09:39:09.560,600029,6.82,6800,1334459,406579
09:39:10.190,600029,6.81,500,1311532,1335372
09:39:11.460,600029,6.81,500,1311532,1337340
09:39:11.560,600029,6.81,500,1311532,1337519
09:39:11.560,600029,6.81,100,1311562,1337519
09:39:12.390,600029,6.82,100,1338944,406579
09:39:12.390,600029,6.81,400,1311568,1339005
09:39:12.490,600029,6.82,100,1339114,406579
09:39:12.520,600029,6.82,100,1339158,406579
09:39:12.520,600029,6.82,100,1339185,406579
09:39:12.580,600029,6.82,200,1339277,406579
09:39:12.610,600029,6.81,100,1312726,1339356
09:39:14.440,600029,6.81,300,1312726,1342003
09:39:17.330,600029,6.82,4300,1347404,406579
09:39:17.440,600029,6.81,500,1312726,1347754
09:39:17.440,600029,6.81,200,1312726,1347755
09:39:21.810,600029,6.82,1100,1355200,407046
09:39:22.080,600029,6.81,500,1312726,1355558
09:39:22.610,600029,6.82,200,1356362,407046
09:39:24.300,600029,6.81,2500,1312726,1359274
09:39:24.300,600029,6.81,5000,1313762,1359274
09:39:24.300,600029,6.81,100,1325228,1359274
09:39:25.500,600029,6.82,1000,1360971,407046
09:39:26.440,600029,6.81,200,1325228,1362458
09:39:27.080,600029,6.81,2000,1325228,1363797
09:39:28.320,600029,6.82,5700,1365576,407046
09:39:30.130,600029,6.81,200,1325228,1368249
09:39:31.020,600029,6.81,4000,1325228,1369615
09:39:31.180,600029,6.82,100,1369843,407046
09:39:33.280,600029,6.82,300,1372909,407046
09:39:34.370,600029,6.81,2800,1325228,1374776
09:39:34.370,600029,6.81,800,1325959,1374776
09:39:34.370,600029,6.81,100,1326099,1374776
09:39:34.370,600029,6.81,300,1326133,1374776
09:39:34.370,600029,6.81,400,1326688,1374776
09:39:34.370,600029,6.81,400,1327526,1374776
09:39:34.370,600029,6.81,6800,1332155,1374776
09:39:34.370,600029,6.81,1100,1333106,1374776
09:39:34.370,600029,6.81,100,1333188,1374776
09:39:34.370,600029,6.81,400,1341137,1374776
09:39:34.370,600029,6.81,800,1347756,1374776
09:39:35.520,600029,6.81,400,1347756,1376597
09:39:35.520,600029,6.81,200,1352680,1376597
09:39:36.080,600029,6.81,100,1365090,1377760
09:39:36.320,600029,6.82,3400,1378315,407046
09:39:36.420,600029,6.81,100,1365090,1378490
09:39:36.420,600029,6.81,100,1365090,1378517
09:39:36.960,600029,6.81,100,1365090,1379172
09:39:39.300,600029,6.81,6000,1367074,1382390
09:39:39.300,600029,6.81,4200,1369748,1382390
09:39:39.300,600029,6.81,1800,1373833,1382390
09:39:43.560,600029,6.81,300,1373833,1387887
09:39:45.520,600029,6.81,100,1373833,1390843
09:39:46.080,600029,6.82,4000,1391575,407046
09:39:47.010,600029,6.81,200,1373833,1392728
09:39:48.610,600029,6.82,900,1395114,407046
09:39:49.590,600029,6.82,3400,1396322,407046
09:39:50.210,600029,6.81,100,1373833,1397198
09:39:53.820,600029,6.82,500,1402386,407046
09:39:57.970,600029,6.81,800,1373833,1408414
